973453122386378752|2018-03-12|06:58:04|SE Asia Standard Time|Bandung_Update|Kemenristekdikti Siapkan Instrumen Khusus Akreditasi Politeknik yang Berbeda dengan Universitas  http://dlvr.it/QKpNbx |0|0|0|
973452346230431744|2018-03-12|06:54:59|SE Asia Standard Time|cistik_sayur|beja terkini Bewara:  Kemenristekdikti Siapkan Instrumen Khusus Akreditasi Politeknik yang Berbeda dengan Universitas  http://dlvr.it/QKpNCv  . Thx 4 click thx 4 click pic.twitter.com/izC6vnn8qC|0|0|0|
973444222282944513|2018-03-12|06:22:42|SE Asia Standard Time|WikiDPR3|#kom10 Djoko U @FPD_DPR #jateng3: 20% APBN adalah untuk pendidikan, lalu apa yg terjadi? dr 20% teryata yg dikelola pendidikan menengah dan kebudayaan kira2 41 T dan kemenristekdikti 40 T, jd 81 T|0|0|0|#kom10,#jateng3
973429829210025985|2018-03-12|05:25:31|SE Asia Standard Time|GEMAWAHYUH|@INFO @info -  Kemenristekdikti Siapkan Instrumen Khusus Akreditasi Politeknik yang Berbeda dengan Universitas|0|0|0|
973428927665356800|2018-03-12|05:21:56|SE Asia Standard Time|UB_Official|Rektor Bisri mengucapkan terimakasih dan selamat datang kepada Kemenristek Dikti,Prof. H.Mohammad  http://Nasir.Ph .D.,Ak#KemenristekDikti #UB #Peresmian Gedung|1|0|1|#KemenristekDikti,#UB,#Peresmian
973428924519612417|2018-03-12|05:21:55|SE Asia Standard Time|UB_Official|Saat ini sedang berlangsung sambutan dari Rektor UB, Prof. Dr. Ir. Mohammad Bisri M.S dalam acara Peresmian Gedung dan Penandatangan Prasasti oleh Kemenristek Dikti RI, Prof. H. Mohammad Nasir, Ph.D., Ak#KemenristekDikti #UB #Peresmain Gedung|1|1|1|#KemenristekDikti,#UB,#Peresmain
973423571312791553|2018-03-12|05:00:39|SE Asia Standard Time|pikiran_rakyat|Kemenristekdikti Siapkan Instrumen Khusus Akreditasi Politeknik yang Berbeda dengan Universitas  http://ow.ly/B4WO50gPu4i |0|0|0|
973423084328845312|2018-03-12|04:58:43|SE Asia Standard Time|SayaSukaEsTeh|Kemenristekdikti Siapkan Instrumen Khusus Akreditasi Politeknik yang Berbeda dengan Universitas  http://ift.tt/2IlbTvW |0|0|0|
973411284128489472|2018-03-12|04:11:49|SE Asia Standard Time|RadioElshinta|Penyerahan Dissemination Accreditation kepada 6 Perguruan tinggi oleh kemenristekdikti dalam program penyelenggaraan Program Engineers di Universitasnya masing-masing. (Mur) #FokusElshinta pic.twitter.com/LSqPA7x9My|0|1|2|#FokusElshinta
973409926948114432|2018-03-12|04:06:26|SE Asia Standard Time|aitakattroll|@fachmiza kan ane kemdikbud bukan kemenristekdikti wkwkwkw|1|0|0|
973408585781661697|2018-03-12|04:01:06|SE Asia Standard Time|RMOLLampung|Kemenristekdikti  Masih Proses Akreditasi Prodi Psikologi Islam #KlikRMOL #UIN Redin Inten http://www.rmollampung.com/read/2018/03/13/1396/Kemenristekdikti--Masih-Proses-Akreditasi-Prodi-Psikologi-Islam- …|0|0|0|#KlikRMOL,#UIN
973371812628353025|2018-03-12|01:34:59|SE Asia Standard Time|timesbanyuwangi|"Kemenristekdikti Siapkan 6000 Beasiswa ke Taiwan | Klik  http://bit.ly/2pbkybl  pic.twitter.com/M2SWyF3bLl"|0|0|0|
973371412701433856|2018-03-12|01:33:23|SE Asia Standard Time|ketahananinfo|"Kemenristekdikti Siapkan 6000 Beasiswa ke Taiwan | Klik  http://bit.ly/2HsPFXw  pic.twitter.com/TQmLwujXcz"|0|0|0|
973355539005689856|2018-03-12|00:30:19|SE Asia Standard Time|irfansyahroni|Berawal dari program SISTER (milik KemenristekDikti) akhirnya muncul keinginan untuk membuat ini >  kalo...  https://fb.me/104PubHZt |0|0|0|
973343424496640005|2018-03-12|23:42:10|SE Asia Standard Time|RahmieLangkat|Kemenristekdikti Hibahkan Peralatan Kepada Enam Politeknik Swasta  http://dlvr.it/QKmsCw  pic.twitter.com/cRtg6dQ8hC|0|0|0|
973343398257082368|2018-03-12|23:42:04|SE Asia Standard Time|nidinidiya|Kemenristekdikti Hibahkan Peralatan Kepada Enam Politeknik Swasta  http://dlvr.it/QKmsBK  pic.twitter.com/frfz0cewIS|0|0|0|
973343356045504512|2018-03-12|23:41:54|SE Asia Standard Time|rendy2019|Kemenristekdikti Hibahkan Peralatan Kepada Enam Politeknik Swasta  http://dlvr.it/QKms2b  pic.twitter.com/QtmOUi16WB|0|0|0|
973343154509238272|2018-03-12|23:41:06|SE Asia Standard Time|mirajnewscom|#Pendidikan #Belmawa Kemenristekdikti Hibahkan Peralatan Kepada Enam Politeknik Swasta  http://dlvr.it/QKmrrw  pic.twitter.com/587YTxt9lz|0|0|0|#Pendidikan,#Belmawa
973215233052323840|2018-03-12|15:12:47|SE Asia Standard Time|OrenPoliMedia|Tolong, di sini kalau ada yang punya koneksi ke Kemenristekdikti, coba di cek apakah ada UU/Pasal mengenai dicutikannya mahasiswa yang kurang/tidak mampu bayaran di PTN?Tolong bantu ndan @OrenBarat|1|9|5|
973209231636623360|2018-03-12|14:48:56|SE Asia Standard Time|fera_gustina|@hesahesa Stalking nya aja pake data kemenristekdikti u,u merasakan aura aura saintifik di dalam nya, pasti stalking ip orang ya wkwkwk|1|0|0|
973192728128274433|2018-03-12|13:43:22|SE Asia Standard Time|hesahesa|Dear God forgive me, I used a feature in kemenristekdikti web to do some stalkingAnd I found what I'm looking for|3|0|2|
973172262416171009|2018-03-12|12:22:02|SE Asia Standard Time|jpnncom|Serahkan Hibah Peralatan pada 6 Politeknik Swasta #Kemenristekdikti  http://jpnn.com/news/serahkan-hibah-peralatan-pada-6-politeknik-swasta …|0|0|0|#Kemenristekdikti
973144816723750912|2018-03-12|10:32:59|SE Asia Standard Time|RILISonline|Kemenristekdikti menyerahkan hibah peralatan penunjang pendidikan kepada enam politeknik swasta di Tanah Air  http://rilis.id/enam-politeknik-swasta-terima-hibah-aset-pembelajaran …|0|1|1|
973131505881919488|2018-03-12|09:40:05|SE Asia Standard Time|PosIndonesia|4) Naskah Perjanjian Hibah dan Berita Acara ditandatangi oleh Sekretaris Direktorat Pembelajaran dan Kemahasiswaan Kemenristekdikti Profesor Rina Indiastuti Ph.D dan 6 Direktur Politeknik Swasta disaksikan oleh Dirjen Pembelajaran dan dan Kemahasiswaan|0|0|0|
973127440624099329|2018-03-12|09:23:56|SE Asia Standard Time|bramantiyoep|Assalamualaikum, berkaitan dengan hibah penelitian dari Kemenristekdikti yang saya terimaBagi rekan-rekan yang kebetulan sebagai pelaku UMKM atau Start UP di Jawa Barat sekiranya dapat mengisi kuesioner berikut https://docs.google.com/forms/d/e/1FAIpQLSco8cUC96QoXsUSh6EQUlhNURyINVwH7FS07R5T49riUTC9ng/viewform …Terimakasih sebelumnya|0|0|0|
973120173996589062|2018-03-12|08:55:03|SE Asia Standard Time|media_dan_info|Kemenristekdikti Serahkan Hibah pada Enam Politeknik  http://dlvr.it/QKgm2h |0|0|0|
973116888761815040|2018-03-12|08:42:00|SE Asia Standard Time|Reyhan61195148|@KEMENDIKBUD @Kemdikbud_RI @kemristekdikti @LPMP_Sulsel @LPMP_sulsel tlng penjelasannya knpa ajuan PPG sy ditolak pdhal data sdh ssuai dgn ijazah  @kemenristekdikti @kemendikbud pic.twitter.com/x3gWiDTH4Y|0|0|0|
973103074213380096|2018-03-12|07:47:06|SE Asia Standard Time|kidsdaily46| http://goo.gl/NU5YQ8  Kemenristekdikti Serahkan Hibah pada Enam Politeknik  http://dlvr.it/QKgRY2  #viral #berita pic.twitter.com/3fZ9nfeIR1|0|0|0|#viral,#berita
973099068829310976|2018-03-12|07:31:11|SE Asia Standard Time|republikaonline|Kemenristekdikti Serahkan Hibah pada Enam Politeknik  http://republika.co.id/share/p5gvjy359 |0|0|1|
973065296171876352|2018-03-11|05:16:59|SE Asia Standard Time|WikiDPR1|#kom2 Kepala BKN: memori yang digunakan menjadi besar sekali untuk menampung data2 itu memori yg digunakan utk menampung dokumen tsb 4,2TB. Verifikator sebanyak 2392, Kemenkumham dan Kemenristekdikti terbanyak.|0|0|0|#kom2
973065185861644288|2018-03-11|05:16:33|SE Asia Standard Time|WikiDPR1|#kom2 Kepala BKN: memori yang digunakan menjadi besar sekali untuk menampung data2 itu memori yg digunakan utk menampung dokumen tsb 4,2TB. Verifikator sebanyak 2392, Kemenkumham dan Kemenristekdikti terbanyak.|0|0|0|#kom2
973056692127645696|2018-03-11|04:42:48|SE Asia Standard Time|kangtuit|@WikiDPR #kom2 Kepala BKN: memori yg digunakan utk menampung dokumen tsb 4,2TB. Verifikator sebanyak 2392, Kemenkumham dan Kemenristekdikti terbanyak.|0|0|0|#kom2
972994191964831744|2018-03-11|00:34:27|SE Asia Standard Time|alikafitria_|Padahal akun kemenristekdikti jarang reply mention|0|0|0|
972870949849546752|2018-03-11|16:24:44|SE Asia Standard Time|JalanIslam|Kemenristekdikti Enggan Komentari Pencabutan Larangan Cadar  #cadar  http://republika.co.id/r/p5etxj330  pic.twitter.com/dRH3eaLFaH|0|0|0|#cadar
972822866151530496|2018-03-11|13:13:40|SE Asia Standard Time|nazroel| http://Nazroel.id  - Website SINTA menjadi rujukan utama Kemenristekdikti dalam menentukan kebijakan terkait kenaikan...  https://fb.me/9yxvAygPW |0|0|0|
972819627968548865|2018-03-11|13:00:48|SE Asia Standard Time|edunewsid|Kemenristekdikti Enggan Tanggapi Pencabutan Larangan Bercadar, ini Alasannya  https://fb.me/1Wk7c1u93 |0|0|0|
972766241898156034|2018-03-11|09:28:39|SE Asia Standard Time|kopiganja|@Kemenpar_RI Atau kalau mau lebih pintar lagi, kalian ambil prakarsa dan ajak ngomong @kkpgoid, @KemenLHK, mungkin juga Kemenristekdikti. Duduk bareng, cari solusi, karena masalah sampah ini udah level darurat, mengancam bukan cuma pariwisata, tapi kehidupan itu sendiri. |0|26|16|
972755847637061632|2018-03-11|08:47:21|SE Asia Standard Time|Infouinjakarta|Kemenristekdikti Enggan Komentari Pencabutan Larangan Cadar  http://ift.tt/2IjPX48 |0|0|0|
972722477972340737|2018-03-10|06:34:45|SE Asia Standard Time|pusat_kabar|Kemenristekdikti Enggan Komentari Pencabutan Larangan Cadar  http://dlvr.it/QKYmbn |0|0|0|
972716769092628480|2018-03-10|06:12:04|SE Asia Standard Time|bagiinfolengkap|Kemenristekdikti Enggan Komentari Pencabutan Larangan Cadar  http://dlvr.it/QKYjBw |0|0|0|
972698864837844993|2018-03-10|05:00:55|SE Asia Standard Time|republikaonline|Kemenristekdikti Enggan Komentari Pencabutan Larangan Cadar  http://republika.co.id/share/p5etxj330 |1|3|5|
972672357725749248|2018-03-10|03:15:36|SE Asia Standard Time|tito_insan|Ini pukulan bagi @kemedikbud dan @kemenristekdikti  https://twitter.com/prof_fakta/status/972670019992801280 …|0|0|0|
972402238097309696|2018-03-10|09:22:14|SE Asia Standard Time|ppiptek|Selain Lomba Mewarnai, PP-IPTEK Kemenristekdikti juga akan mengadakan Kontes Poster Sains pada tanggal 22 April 2018 Kontes poster sains merupakan kegiatan kontes pembuatan poster untuk anak usia 8-11 tahun @ppiptek @kemristekdikti pic.twitter.com/BbwffHKVZs|0|0|0|
972396603934822400|2018-03-10|08:59:51|SE Asia Standard Time|ppiptek|"Bagi adik-adik usia 6-7 tahun ikutan Lomba Mewarnai yukkk di PP-IPTEK, Kemenristekdikti yang berlokasi di TMII  Lomba mewarnai gambar sains dengan tema ""Rumah Ramah Lingkungan"" ini akan dilaksanakan pada tanggal 21 April 2018 @kemristekdikti @ppiptek pic.twitter.com/7lj1yxrfOK"|0|0|0|
972389099712561152|2018-03-10|08:30:02|SE Asia Standard Time|SS_DPJatim|@JeroSeffi2 Mendikbud terakhir yg kewenangannya sampai perguruan tinggi, itu Pak Nuh. Saat P.Anies jadi mendikbud, kewenangannya hanya sampai pendidikan menengah. Pendidikan tinggi(termasuk Unkris) kewenangannya ada di Kemenristekdikti.|1|1|1|
972374990250065920|2018-03-09|07:33:58|SE Asia Standard Time|AptisiPusat| http://aptisi.or.id , Tangerang – Kementerian Riset, Teknologi, dan Pendidikan Tinggi (Kemenristekdikti) mengatakan dalam waktu dekat ini akan mengelompokkan jurnal nasional yang terakreditasi....Baca Selengkapnya pada laman  http://aptisi.or.id  >> http://aptisi.or.id/2018/03/09/pengelompokkan-jurnal-nasional-yang-terakreditasi/ … pic.twitter.com/hMu1liOqrD|0|0|0|
972355809635065857|2018-03-09|06:17:45|SE Asia Standard Time|madzaini4|@Kemdikbud_RI @FmHerland @iincahblitar Kemenristekdikti jg belum @Ferry0i|1|0|0|
972325900216803328|2018-03-09|04:18:54|SE Asia Standard Time|JurnalAsiaCom|Terkait Merger, Banyak PTS Sangsikan Kemenristekdikti Permudah Urusan  http://www.jurnalasia.com/edukasi/terkait-merger-banyak-pts-sangsikan-kemenristekdikti-permudah-urusan/ …|0|0|0|
972313073733136384|2018-03-09|03:27:56|SE Asia Standard Time|haipapuadotcom|Kepala Pusdatin Kemenristekdikti: Database PDDikti Tergantung Laporan PT  https://haipapua.com/kepala-pusdatin-kemenristekdikti-database-pddikti-tergantung-laporan-pt/ …|0|0|1|
972136586598006784|2018-03-09|15:46:38|SE Asia Standard Time|BKKBNofficial|Plt Kepala BKKBN Sigit Priohutomo menjadi pembicara, bersama Rektor Universitas Lambung Mangkurat Prof. Dr. H. Sutarto Hadi. MSc, Prof. Dr. Ali Ghufron Mukti (Dirjen Sumber Daya Iptek dan Dikti Kemenristekdikti), dan Sonny Harry B Harmadi (Ketua Umum Koalisi Kependudukan). #BKKBN pic.twitter.com/8kPFDll28v|1|0|3|#BKKBN
972076418434703360|2018-03-09|11:47:33|SE Asia Standard Time|riski750|5. Menristekdikti M NasirPresiden Joko Widodo resmi melantik Muhammad Nasir menempati pos menteri yang baru dibentuk, yaitu Kementerian Riset Teknologi dan Pendidikan Tinggi (Kemenristekdikti).#SantriSantriCintaJokowi|0|0|0|#SantriSantriCintaJokowi
972041804341116930|2018-03-09|09:30:00|SE Asia Standard Time|solotrustcom|Kemenristekdikti Membuat Sistem Perkuliahan Jarak Jauh. Metode Perkuliahan Ini Nantinya Akan Memanfaatkan Sistem Pembelajaran Daring. #kuliah #pendidikan #informasi #berita #surakarta #solo #soloraya #solotrust pic.twitter.com/oZgpVfAmS1|0|0|0|#kuliah,#pendidikan,#informasi,#berita,#surakarta,#solo,#soloraya,#solotrust
972015849153339392|2018-03-08|07:46:52|SE Asia Standard Time|Tribun_Manado|Terkait Nasib Grace Kandou di Pilrek Unsrat, Kemenristekdikti Masih Serahkan ke Senat  http://manado.tribunnews.com/2018/03/09/terkait-nasib-grace-kandou-di-pilreg-unsrat-kemenristekdikti-masih-serahkan-ke-senat … lewat @Tribun_Manado|0|0|0|
972009324548562945|2018-03-08|07:20:56|SE Asia Standard Time|kopertis12|Banyak PTS Sangsikan Janji Manis Kemenristekdikti  https://goo.gl/fb/Srf4BH |0|0|0|
972005790553812994|2018-03-08|07:06:54|SE Asia Standard Time|BeritaAdhi|Presiden ADHI Minta Kemenristekdikti Kaji Ulang Ijin Beroperasinya Kampus Asing http://adhinews.com/2018/01/31/presiden-adhi-minta-kemenristekdikti-kaji-ulang-ijin-beroperasinya-kampus-asing/ … @KSPgoid pic.twitter.com/bd09N090sC|0|0|0|
971998146761867265|2018-03-08|06:36:31|SE Asia Standard Time|unpgri_kediri|#unpgrikediri Info #Kopertis : Banyak PTS Sangsikan Janji Manis Kemenristekdikti  http://www.kopertis12.or.id/2018/03/09/banyak-pts-sangsikan-janji-manis-kemenristekdikti.html … #kotakediri #kedirikab #kediri #kedirilagi #harmonikediri #kedirihits #kediriraya|0|0|0|#unpgrikediri,#Kopertis,#kotakediri,#kedirikab,#kediri,#kedirilagi,#harmonikediri,#kedirihits,#kediriraya
971900928264609792|2018-03-08|00:10:13|SE Asia Standard Time|info_suaraanda|Rakor di Unwidha, Kemenristekdikti Targetkan Pengurangan Hingga 1000 PTS  http://sieradmu.com/rakor-di-unwidha-kemenristekdikti-targetkan-pengurangan-hingga-1000-pts/ … lewat @sieradMU #klaten #JumatBerkah #Jumat|0|0|0|#klaten,#JumatBerkah,#Jumat
971898678289018880|2018-03-08|00:01:16|SE Asia Standard Time|edunewsid|Aptisi : Kampus Swasta Sangsikan Janji Manis Kemenristekdikti  https://fb.me/279twZxnA |0|0|0|
971857113440927744|2018-03-08|21:16:06|SE Asia Standard Time|SebarCopas|Banyak PTS Sangsikan Janji Manis Kemenristekdikti  http://dlvr.it/QKH88f  pic.twitter.com/tpyokp23iV|0|0|0|
971855625880662016|2018-03-08|21:10:12|SE Asia Standard Time|muhfeeb|Banyak PTS Sangsikan Janji Manis Kemenristekdikti  http://dlvr.it/QKH69t  pic.twitter.com/nNMWyB8lmK|0|0|0|
971855609522831360|2018-03-08|21:10:08|SE Asia Standard Time|RepzoneMorowali|Banyak PTS Sangsikan Janji Manis Kemenristekdikti  http://dlvr.it/QKH64y  pic.twitter.com/b0jDTU3u8Q|0|0|0|
971855587687350272|2018-03-08|21:10:02|SE Asia Standard Time|Rahmat_Hidayant|Banyak PTS Sangsikan Janji Manis Kemenristekdikti  http://dlvr.it/QKH5v1  pic.twitter.com/cxhbcVRhBA|0|0|0|
971853565927989248|2018-03-08|21:02:00|SE Asia Standard Time|hadi_wiguna|Banyak PTS Sangsikan Janji Manis Kemenristekdikti  http://dlvr.it/QKH3Gh |0|0|0|
971852502969868291|2018-03-08|20:57:47|SE Asia Standard Time|kabarberita|Banyak PTS Sangsikan Janji Manis Kemenristekdikti  https://goo.gl/fb/sgzdqF |0|0|0|
971849303957192704|2018-03-08|20:45:04|SE Asia Standard Time|kampusinfo|Banyak PTS Sangsikan Janji Manis Kemenristekdikti  http://dlvr.it/QKGyrq  pic.twitter.com/bo1flemDnS|0|1|0|
971847133082112000|2018-03-08|20:36:27|SE Asia Standard Time|GEMAWAHYUH|@INFO @info -  Banyak PTS Sangsikan Janji Manis Kemenristekdikti|0|0|0|
971843251807268864|2018-03-08|20:21:01|SE Asia Standard Time|republikaonline|Banyak PTS Sangsikan Janji Manis Kemenristekdikti  http://republika.co.id/share/p59z1y335 |0|1|3|
971769928180056064|2018-03-08|15:29:40|SE Asia Standard Time|InspiratifL|Proposal Penelitian Kemenristekdikti UBL Terbanyak Se-Kopertis Wilayah II  http://dlvr.it/QKF2dF  pic.twitter.com/vweBMkkR7r|0|0|0|
971745794259759104|2018-03-08|13:53:46|SE Asia Standard Time|suarakaryanews|Kemenristekdikti Tawarkan Empat Insentif bagi PTS yang Ingin Merger  http://suarakaryanews.com/index.php/berita/artikel/Kemenristekdikti+Tawarkan+Empat+Insentif+bagi+PTS+yang+Ingin+Merger … pic.twitter.com/F2uMnblJyY|0|0|0|
971744879779905536|2018-03-08|13:50:08|SE Asia Standard Time|kaskus|Kemenristekdikti dan PPI se-Dunia Gelar Pameran Beasiswa untuk Studi di Luar Negeri  http://ow.ly/lhVW30iM7RM  #KASKUSNews|0|2|0|#KASKUSNews
971728824764428289|2018-03-08|12:46:20|SE Asia Standard Time|sbctv_jatim|KEMENRISTEKDIKTI AKAN TERAPKAN SISTEM PENOMORAN IJAZAH NASIONAL:  http://youtu.be/1a6-cch2HOM?a  melalui @YouTube|0|0|0|
971728815239114752|2018-03-08|12:46:18|SE Asia Standard Time|sbctv_jatim|Saya menambahkan video ke playlist @YouTube  http://youtu.be/1a6-cch2HOM?a  KEMENRISTEKDIKTI AKAN TERAPKAN SISTEM PENOMORAN IJAZAH NASIONAL|0|0|0|
971708517995438080|2018-03-08|11:25:38|SE Asia Standard Time|GEMAWAHYUH|@INFO @info -  Kemenristekdikti akan tambah kuota penerima bidik misi|0|0|0|
971704939947868160|2018-03-08|11:11:25|SE Asia Standard Time|Baphome7|Kemenristekdikti akan tambah kuota penerima bidik misi   https://www.antaranews.com/berita/691421/kemenristekdikti-akan-tambah-kuota-penerima-bidik-misi …|0|0|0|
971704929122430976|2018-03-08|11:11:23|SE Asia Standard Time|Infonya_Mas|Kemenristekdikti akan tambah kuota penerima bidik misi  http://blog.sekseeh.com/berita/kemenristekdikti-akan-tambah-kuota-penerima-bidik-misi/ …|0|0|0|
971704877960241154|2018-03-08|11:11:10|SE Asia Standard Time|InfoPuger|Kemenristekdikti akan tambah kuota penerima bidik misi   https://www.antaranews.com/berita/691421/kemenristekdikti-akan-tambah-kuota-penerima-bidik-misi …|0|0|0|
971704724025090048|2018-03-08|11:10:34|SE Asia Standard Time|ahmad_ariefandy|@null Kemenristekdikti akan tambah kuota penerima bidik misi   https://www.antaranews.com/berita/691421/kemenristekdikti-akan-tambah-kuota-penerima-bidik-misi …|0|0|0|
971704702193643520|2018-03-08|11:10:29|SE Asia Standard Time|KEP0AN|@null Kemenristekdikti akan tambah kuota penerima bidik misi   https://www.antaranews.com/berita/691421/kemenristekdikti-akan-tambah-kuota-penerima-bidik-misi …|0|0|0|
971704666282078208|2018-03-08|11:10:20|SE Asia Standard Time|teteKTH|@null Kemenristekdikti akan tambah kuota penerima bidik misi   https://www.antaranews.com/berita/691421/kemenristekdikti-akan-tambah-kuota-penerima-bidik-misi …|0|0|0|
971704657574686725|2018-03-08|11:10:18|SE Asia Standard Time|cjr____|@null Kemenristekdikti akan tambah kuota penerima bidik misi   https://www.antaranews.com/berita/691421/kemenristekdikti-akan-tambah-kuota-penerima-bidik-misi …|0|0|0|
971704614125846533|2018-03-08|11:10:08|SE Asia Standard Time|Chibiutd|@null Kemenristekdikti akan tambah kuota penerima bidik misi   https://www.antaranews.com/berita/691421/kemenristekdikti-akan-tambah-kuota-penerima-bidik-misi …|0|0|0|
971685091498864641|2018-03-08|09:52:33|SE Asia Standard Time|info_suaraanda|Rakor di Unwidha, Kemenristekdikti Targetkan Pengurangan Hingga 1000 PTS  http://sieradmu.com/rakor-di-unwidha-kemenristekdikti-targetkan-pengurangan-hingga-1000-pts/ … lewat @sieradMU @Kemenristek @BEM_UNWIDHA #klaten @kmhskopertis6|0|0|0|#klaten
971676075532038144|2018-03-08|09:16:43|SE Asia Standard Time|infokampusnews|Prof Bisri dan Prof Nuhfil Idem Miliki 77 Suara Senat, Dua Bakal Calon Rektor UB Serahkan Putusan Pada Kemenristekdikti -  https://infokampus.news/prof-bisri-dan-prof-nuhfil-idem-miliki-77-suara-senat-dua-bakal-calon-rektor-ub-serahkan-putusan-pada-kemenristekdikti/ … pic.twitter.com/EwGUiJrUrn|0|1|0|
971648003529322496|2018-03-07|07:25:11|SE Asia Standard Time|lppm_itb|Program Insentif Buku Ajar Terbit Tahun 2018 Kemenristekdikti -  http://www.lppm.itb.ac.id/program-insentif-buku-ajar-terbit-tahun-2018-kemenristekdikti/ …|0|1|1|
971646309366095872|2018-03-07|07:18:27|SE Asia Standard Time|kopertis12|Kemenristekdikti akan Mengelompokkan Jurnal Nasional  http://www.kopertis12.or.id/2018/03/08/kemenristekdikti-akan-mengelompokkan-jurnal-nasional.html …|0|1|1|
971646303083122688|2018-03-07|07:18:25|SE Asia Standard Time|kopertis12|Kemenristekdikti akan Mengelompokkan Jurnal Nasional  https://goo.gl/fb/Pr1DzL |0|0|0|
971645522816548864|2018-03-07|07:15:19|SE Asia Standard Time|unpgri_kediri|#unpgrikediri Info #Kopertis : Kemenristekdikti akan Mengelompokkan Jurnal Nasional  http://www.kopertis12.or.id/2018/03/08/kemenristekdikti-akan-mengelompokkan-jurnal-nasional.html … #kotakediri #kedirikab #kediri #kedirilagi #harmonikediri #kedirihits #kediriraya|0|0|0|#unpgrikediri,#Kopertis,#kotakediri,#kedirikab,#kediri,#kedirilagi,#harmonikediri,#kedirihits,#kediriraya
971644860133511168|2018-03-07|07:12:41|SE Asia Standard Time|Brokolok|(( Kemenristekdikti Segera Berlakukan Perkuliahan Online  https://goo.gl/fb/hzugXx |0|0|0|
971644824716791808|2018-03-07|07:12:33|SE Asia Standard Time|geeuliss|> Kemenristekdikti Segera Berlakukan Perkuliahan Online  https://goo.gl/fb/GFybVZ |0|0|0|
971644425611988992|2018-03-07|07:10:58|SE Asia Standard Time|Blaem32|<< Kemenristekdikti Segera Berlakukan Perkuliahan Online  https://goo.gl/fb/aco3MW |0|0|0|
971643737590910977|2018-03-07|07:08:13|SE Asia Standard Time|puucing|]] Kemenristekdikti Segera Berlakukan Perkuliahan Online  https://goo.gl/fb/M1xr5n |0|0|0|
971642911073828864|2018-03-07|07:04:56|SE Asia Standard Time|KdEzone|@menristekdikti @ferrykoto Om ferry UIN itu di bawah naungan Kemenag bukan KemenristekdiktiSalam.|0|0|0|
971642736460824576|2018-03-07|07:04:15|SE Asia Standard Time|1nfoku|"|> Kemenristekdikti Segera Berlakukan Perkuliahan Online  https://goo.gl/fb/3MCDgn "|0|0|0|
971642116781862913|2018-03-07|07:01:47|SE Asia Standard Time|Korronx|{ Kemenristekdikti Segera Berlakukan Perkuliahan Online  https://goo.gl/fb/YVyuHK |0|0|0|
971641569253232640|2018-03-07|06:59:36|SE Asia Standard Time|Paimin32|.. Kemenristekdikti Segera Berlakukan Perkuliahan Online  https://goo.gl/fb/X5PD7E |0|0|0|
971641183607943169|2018-03-07|06:58:05|SE Asia Standard Time|InfoPress_|*) Kemenristekdikti Segera Berlakukan Perkuliahan Online  https://goo.gl/fb/mghwQw |0|0|0|
971641177731751936|2018-03-07|06:58:03|SE Asia Standard Time|kobel32|< Kemenristekdikti Segera Berlakukan Perkuliahan Online  https://goo.gl/fb/F9RQmD |0|0|0|
971640174693273600|2018-03-07|06:54:04|SE Asia Standard Time|tonggos82|/ Kemenristekdikti Segera Berlakukan Perkuliahan Online  https://goo.gl/fb/4FbEXu |0|0|0|
971637826944192512|2018-03-07|06:44:44|SE Asia Standard Time|bukanmarshanda|^ Kemenristekdikti Segera Berlakukan Perkuliahan Online  https://goo.gl/fb/kb4NYp |0|0|0|
971637580532977664|2018-03-07|06:43:46|SE Asia Standard Time|KanalMedia|_ Kemenristekdikti Segera Berlakukan Perkuliahan Online  https://goo.gl/fb/ZdTTjs |0|0|0|
971637343496081408|2018-03-07|06:42:49|SE Asia Standard Time|jailangkun9|-> Kemenristekdikti Segera Berlakukan Perkuliahan Online  https://goo.gl/fb/6efa11 |0|0|0|
971637298541588480|2018-03-07|06:42:38|SE Asia Standard Time|kaleng32|{{ Kemenristekdikti Segera Berlakukan Perkuliahan Online  https://goo.gl/fb/VGnsjw |0|0|0|
971637215792115712|2018-03-07|06:42:19|SE Asia Standard Time|nyerocosss|≡ Kemenristekdikti Segera Berlakukan Perkuliahan Online  https://goo.gl/fb/QDSCNN |0|0|0|
971636839399546880|2018-03-07|06:40:49|SE Asia Standard Time|Klik_news|}} Kemenristekdikti Segera Berlakukan Perkuliahan Online  https://goo.gl/fb/ePcX22 |0|0|0|
971636330290663424|2018-03-07|06:38:47|SE Asia Standard Time|Iteung32|` Kemenristekdikti Segera Berlakukan Perkuliahan Online  https://goo.gl/fb/EiRN7U |0|0|0|
971635831273385986|2018-03-07|06:36:48|SE Asia Standard Time|AdaBerita_|"| Kemenristekdikti Segera Berlakukan Perkuliahan Online  https://goo.gl/fb/MeABQu "|0|0|0|
971635812319350785|2018-03-07|06:36:44|SE Asia Standard Time|kelekku|} Kemenristekdikti Segera Berlakukan Perkuliahan Online  https://goo.gl/fb/yns2qK |0|0|0|
971635649622216704|2018-03-07|06:36:05|SE Asia Standard Time|Breengoss|// Kemenristekdikti Segera Berlakukan Perkuliahan Online  https://goo.gl/fb/KDq3JZ |0|0|0|
971635146872016896|2018-03-07|06:34:05|SE Asia Standard Time|moncrottt|, Kemenristekdikti Segera Berlakukan Perkuliahan Online  https://goo.gl/fb/9dWJCu |0|0|0|
971633931371020288|2018-03-07|06:29:15|SE Asia Standard Time|terkini123|) Kemenristekdikti Segera Berlakukan Perkuliahan Online  https://goo.gl/fb/pFxwso |0|0|0|
971633554139607041|2018-03-07|06:27:46|SE Asia Standard Time|ocehanbetet|>> Kemenristekdikti Segera Berlakukan Perkuliahan Online  https://goo.gl/fb/VKBnGZ |0|0|0|
971633513928814592|2018-03-07|06:27:36|SE Asia Standard Time|Infonesia_|[ Kemenristekdikti Segera Berlakukan Perkuliahan Online  https://goo.gl/fb/yJzmyt |0|0|0|
971633054136524801|2018-03-07|06:25:46|SE Asia Standard Time|AptisiPusat| http://aptisi.or.id  , Tangerang – Kementerian Riset, Teknologi, dan Pendidikan Tinggi (Kemenristekdikti) telah mengeluarkan Permenristekdikti Nomor 20 Tahun 2017.  Baca Selengkapnya pada laman  http://aptisi.or.id  http://aptisi.or.id/2018/03/08/the-scopus-index-is-good-but-not-the-only-one/ …#aptisi #pts #nasional #indonesia pic.twitter.com/eYKXQ4SdXl|0|0|0|#aptisi,#pts,#nasional,#indonesia
971632650350923776|2018-03-07|06:24:10|SE Asia Standard Time|kobrut|. Kemenristekdikti Segera Berlakukan Perkuliahan Online  https://goo.gl/fb/CJV3PG |0|0|0|
971632576837443584|2018-03-07|06:23:53|SE Asia Standard Time|irengguteng|( Kemenristekdikti Segera Berlakukan Perkuliahan Online  https://goo.gl/fb/P3Ngt7 |0|0|0|
971631176149544960|2018-03-07|06:18:19|SE Asia Standard Time|songon9|= Kemenristekdikti Segera Berlakukan Perkuliahan Online  https://goo.gl/fb/9jTpfr |0|0|0|
971629204424019968|2018-03-07|06:10:28|SE Asia Standard Time|looohh|# Kemenristekdikti Segera Berlakukan Perkuliahan Online  https://goo.gl/fb/cCFbVV |0|0|0|
971629148778254336|2018-03-07|06:10:15|SE Asia Standard Time|nyidasimah|)> Kemenristekdikti Segera Berlakukan Perkuliahan Online  https://goo.gl/fb/gVyxEj |0|0|0|
971629107594383360|2018-03-07|06:10:05|SE Asia Standard Time|nginfoin|[[ Kemenristekdikti Segera Berlakukan Perkuliahan Online  https://goo.gl/fb/GntWxP |0|0|0|
971607975424155648|2018-03-07|04:46:07|SE Asia Standard Time|Kendari_Pos|Selenggarakan Kuliah Online, Kemenristekdikti Dampingi 400 Kampus  http://kendaripos.co.id/2018/03/08/selenggarakan-kuliah-online-kemenristekdikti-dampingi-400-kampus/ … pic.twitter.com/BUYQUafWTd|0|0|0|
971593762987130880|2018-03-07|03:49:39|SE Asia Standard Time|JurnalAsiaCom|Kemenristekdikti Dukung LIPI Sinergikan Peneliti  http://www.jurnalasia.com/edukasi/kemenristekdikti-dukung-lipi-sinergikan-peneliti/ …|0|0|0|
971502144762327040|2018-03-07|21:45:35|SE Asia Standard Time|lisnadua|Menristekdikti: Izin Kuliah Online Diharapkan Keluar April - Saat ini Kemenristekdikti telah menyiapkan berbagai kebutuhan infrastruktur, kesiapan jaringan internet, hingga tutorial untuk pelaksanaan kuliah online.  http://ow.ly/iudV50gLl0J |0|0|0|
971426616445345793|2018-03-07|16:45:28|SE Asia Standard Time|JalanIslam|Kemenristekdikti Serahkan Soal Mahasiswa Bercadar ke Kemenag  #cadar @Kemenag_RI http://republika.co.id/r/p55sd4335 |0|0|0|#cadar
971393474321965056|2018-03-07|14:33:46|SE Asia Standard Time|GEMAWAHYUH|@INFO @info -  Kemenristekdikti Dukung LIPI Sinergikan Peneliti|0|0|0|
971386930020564992|2018-03-07|14:07:46|SE Asia Standard Time|republikaonline|Kemenristekdikti Dukung LIPI Sinergikan Peneliti di Indonesi  http://republika.co.id/share/p584kw335 |0|2|3|
971385016428056576|2018-03-07|14:00:10|SE Asia Standard Time|ptdahana|Acara peresmian ini dihadiri oleh para pejabat &pemangku kebijakan, spt KBUMN,Kemenperin,Bappenas,Kemenristekdikti,NDHI serta Muspida Subang  pic.twitter.com/uzI5el1hNF|0|0|4|
971361440786472960|2018-03-07|12:26:29|SE Asia Standard Time|oborkitacom|Kemenag Belum Rela Lepas Perguruan Tinggi ke Kemenristekdikti  https://www.oborkita.com/2018/03/kemenag-belum-rela-lepas-perguruan-tinggi-ke-kemenristekdikti/ … pic.twitter.com/B2t51ZPaPw|0|1|0|
971340968786997250|2018-03-07|11:05:08|SE Asia Standard Time|Noviiiita_Sari|Perjalanan Dinas Dalam Kota, Kemenristekdikti Serap Triliunan, Realistiskah???  http://dlvr.it/QK44jW  pic.twitter.com/Dy9D2dbwY7|0|0|0|
971340960033521664|2018-03-07|11:05:06|SE Asia Standard Time|Syiffa_ifa|Perjalanan Dinas Dalam Kota, Kemenristekdikti Serap Triliunan, Realistiskah???  http://dlvr.it/QK44dW  pic.twitter.com/LghACHJgiY|0|0|0|
971340748460380160|2018-03-07|11:04:15|SE Asia Standard Time|klikanggaran|Perjalanan Dinas Dalam Kota, Kemenristekdikti Serap Triliunan, Realistiskah???  https://fb.me/83niBFhs0 |0|0|0|
971340706563289089|2018-03-07|11:04:05|SE Asia Standard Time|klikanggaran|Perjalanan Dinas Dalam Kota, Kemenristekdikti Serap Triliunan, Realistiskah???  http://tinyurl.com/ybw4h7ks  pic.twitter.com/jOEwCneGoH|0|0|0|
971255466201403392|2018-03-06|05:25:22|SE Asia Standard Time|HaedarNs|Kampus Prof. Dr. Hamka (UHAMKA) setelah melewati proses pengurusan izin yg cukup panjang, hampir 4 tahun. Alhamdulillah kemarin mendapat izin membuka Fakultas Kedokteran dari Menristekdikti RI @menristekdiktiFoto: BKKP Kemenristekdikti  pic.twitter.com/yh5HwtZdHQ|7|56|176|
971251889441472512|2018-03-06|05:11:10|SE Asia Standard Time|kawal_aspirasi|DPR Minta Kemenristekdikti Imbau Rektor Gunakan Cara Persuasif, Bukan Larang Mahasiswi Bercadar  http://ift.tt/2I9eKYK |0|0|0|
971250940434141186|2018-03-06|05:07:23|SE Asia Standard Time|WikiDPR2|#Kom7 Herman Kh @PDemokrat #Jabar8: ada yg hadir di Kaltara engga dr kemenristekdikti?|0|0|0|#Kom7,#Jabar8
971250842316804103|2018-03-06|05:07:00|SE Asia Standard Time|WikiDPR2|#kom7 Kemenristekdikti: ITB telah melakukan penelitian ttg fly ice dan bs dilakukan filler beton, & bahan bangunan sdh diuji oleh BPPT|0|0|0|#kom7
971250754962055170|2018-03-06|05:06:39|SE Asia Standard Time|WikiDPR2|#kom7 Kemenristekdikti: bppt punya teknologi u/ mengurangi efek fly ice. Beberapa knowledge resources bs mengisi mengatasi mslh itu|0|0|0|#kom7
971250572069343232|2018-03-06|05:05:56|SE Asia Standard Time|faiz_faiqoh|@WikiDPR #Kom7 Herman Kh @PDemokrat #Jabar8: ada yg hadir di kaltara engga dr kemenristekdikti?|0|0|0|#Kom7,#Jabar8
971250012029181953|2018-03-06|05:03:42|SE Asia Standard Time|WikiDPR2|#kom7 Kemenristekdikti:Batan telah banyak bantu rekayasa nuklir u/ pertanian & perikanan.|0|0|0|#kom7
971247310779895808|2018-03-06|04:52:58|SE Asia Standard Time|DPR_RI|Komisi VII DPR RDP dengan Kementerian ESDM, Kemenristekdikti, KLHK membahas hasil temuan kunjungan kerja Komisi VII DPR RI, Rabu, 7 Maret 2018. #Komisi7 pic.twitter.com/6xSV8N8FU6|1|2|1|#Komisi7
971239061317980160|2018-03-06|04:20:11|SE Asia Standard Time|redaksi_basajan|Dana Penelitian Dosen UTU Capai Rp1,7 Miliar #KemenristekDikti #Penelitian #Pengabdian  http://www.b2s.pm/ODjQHx  pic.twitter.com/3LNGOwO2ON|0|0|0|#KemenristekDikti,#Penelitian,#Pengabdian
971229250790547462|2018-03-06|03:41:12|SE Asia Standard Time|JurnalAsiaCom|Kemenristekdikti akan Kelompokkan Jurnal Nasional  http://www.jurnalasia.com/edukasi/kemenristekdikti-akan-kelompokkan-jurnal-nasional/ …|0|0|0|
971220584460779521|2018-03-06|03:06:46|SE Asia Standard Time|BeritaTerkinii|Kemenristekdikti Siapkan Reorientasi Kurikulum  http://dlvr.it/QK1xbg |0|0|0|
971216374751158272|2018-03-06|02:50:02|SE Asia Standard Time|NewsToday_ID|Kemenristekdikti Siapkan Reorientasi Kurikulum   http://nasional.republika.co.id/berita/nasional/umum/18/03/07/p5791c359-kemenristekdikti-siapkan-reorientasi-kurikulum …|0|0|0|
971215460808081408|2018-03-06|02:46:24|SE Asia Standard Time|republikaonline|Kemenristekdikti Siapkan Reorientasi Kurikulum   http://republika.co.id/share/p5791c359 |0|1|3|
971202572626280448|2018-03-06|01:55:12|SE Asia Standard Time|DPR_RI|Agenda DPR, Rabu (07-03-2018): 3) Pukul 11.00 WIB, Komisi VII DPR RDP dengan Kementerian ESDM, Kemenristekdikti, KLHK. #agendaDPR|0|0|0|#agendaDPR
971197615659364352|2018-03-06|01:35:30|SE Asia Standard Time|ihsanul_arief|Kemenag dukung https://m.jpnn.com/news/kementerian-agama-dukung-larangan-mahasiswi-bercadar …Kemenristekdikti menolak https://m.detik.com/news/berita/d-3899622/polemik-cadar-di-uin-yogya-menristekdikti-jangan-ganggu-hak-orang …|0|0|0|
971187083057311744|2018-03-06|00:53:39|SE Asia Standard Time|MardaniAliSera|Alhamdulillah kemarin membantu pihak2 terkait merespon cepat, agar tdk menimbulkan prasangka & stigma. Meminta Kemenristekdikti & Kemenag ambil langkah mediasi agar tak ada diskriminasi di kampus. Jg minta kawan2 sejawat Komisi X ambil sikap agar isu tdk meluas  https://twitter.com/AdvokasiMuslim/status/971181027342172161 …|2|43|75|
971183421648089088|2018-03-06|00:39:06|SE Asia Standard Time|JobCqr| http://go.beasiswaindo.com/info-ugm  Workshop Kewirausahaan oleh Ditjen Belmawa Kemenristekdikti #UGM|0|9|1|#UGM
971068971326701569|2018-03-06|17:04:19|SE Asia Standard Time|PurwokoHaryadiS|@hamhamfariham @urama_bp @iincahblitar @Ferry0i @redhnov Senasib. Cpns kemenristekdikti juga gatau kapan SK turun haha|3|0|2|
971052824413945856|2018-03-06|16:00:09|SE Asia Standard Time|Noviiiita_Sari|Bedakah Beras dan Nasi Menurut Kemenristekdikti?  http://dlvr.it/QJyQ3R  pic.twitter.com/9I1ulRuuwY|0|0|0|
971052817417871360|2018-03-06|16:00:07|SE Asia Standard Time|Syiffa_ifa|Bedakah Beras dan Nasi Menurut Kemenristekdikti?  http://dlvr.it/QJyPxn  pic.twitter.com/twvOLlGTET|0|0|0|
971045706629820416|2018-03-06|15:31:52|SE Asia Standard Time|klikanggaran|Bedakah Beras dan Nasi Menurut Kemenristekdikti?  https://fb.me/CHW16uC5 |0|0|0|
971045638359183361|2018-03-06|15:31:35|SE Asia Standard Time|klikanggaran|Bedakah Beras dan Nasi Menurut Kemenristekdikti?  http://tinyurl.com/ya3qse5y  pic.twitter.com/YaU31K4Ej0|0|0|0|
971019589873106944|2018-03-06|13:48:05|SE Asia Standard Time|Noviiiita_Sari|Kebocoran Anggaran, Kabag Rumah Tangga Kemenristekdikti Lalai?  http://dlvr.it/QJxX7C  pic.twitter.com/P1O9zIod76|0|0|0|
971019586484166656|2018-03-06|13:48:04|SE Asia Standard Time|Syiffa_ifa|Kebocoran Anggaran, Kabag Rumah Tangga Kemenristekdikti Lalai?  http://dlvr.it/QJxX4G  pic.twitter.com/rxoh14h1u9|0|0|0|
971015937586618369|2018-03-06|13:33:34|SE Asia Standard Time|klikanggaran|Kebocoran Anggaran, Kabag Rumah Tangga Kemenristekdikti Lalai?  https://fb.me/YPioaOIA |0|0|0|
971015893173002240|2018-03-06|13:33:24|SE Asia Standard Time|klikanggaran|Kebocoran Anggaran, Kabag Rumah Tangga Kemenristekdikti Lalai?  http://tinyurl.com/y7qgp8w5  pic.twitter.com/fdDXTjkixd|0|0|0|
971007617261699074|2018-03-06|13:00:31|SE Asia Standard Time|SurabayaPost_|Mahasiswa Unikama siap datangi Kopertis 7 dan kemenristekdikti http://surabayapost.id/2018/03/usai-galang-dana-perwakilan-mahasiswa-unikama-berangkat-ke-kopertis-dan-kemenristekdikti/ …|0|0|0|
971006172827238400|2018-03-06|12:54:46|SE Asia Standard Time|ditmawaugm|Workshop Kewirausahaan oleh Ditjen Belmawa Kemenristekdikti  https://ditmawa.ugm.ac.id/2018/03/workshop-kewirausahaan-oleh-ditjen-belmawa-kemenristekdikti/ …|0|0|0|
970986877644767233|2018-03-06|11:38:06|SE Asia Standard Time|Noviiiita_Sari|Kemenristekdikti Main-Main dalam KDP?  http://dlvr.it/QJwkpV  pic.twitter.com/m9NGQU3iRH|0|0|0|
970986236226674689|2018-03-06|11:35:33|SE Asia Standard Time|Syiffa_ifa|Kemenristekdikti Main-Main dalam KDP?  http://dlvr.it/QJwk2b  pic.twitter.com/q5uLCnbSo9|0|0|0|
970985712714747904|2018-03-06|11:33:28|SE Asia Standard Time|klikanggaran|Kemenristekdikti Main-Main dalam KDP?  https://fb.me/1K2y150w5 |0|0|0|
970985668724768770|2018-03-06|11:33:18|SE Asia Standard Time|klikanggaran|Kemenristekdikti Main-Main dalam KDP?  http://tinyurl.com/yccv7kqb  pic.twitter.com/XuhARsmYpc|0|1|0|
970954450280923136|2018-03-06|09:29:15|SE Asia Standard Time|Habibi_Rambe|Menristekdikti: Perkuliahan Online Untuk Tingkatkan Kualitas Pendidikan#Kemenristekdikti#PerkuliahanOnline#RevolusiIndustri https://trustpolitica.com/615/Menristekdikti-Perkuliahan-Online-Bertujuan-Untuk-Tingkatkan-Kualitas-Pendidikan …|0|2|3|#Kemenristekdikti,#PerkuliahanOnline,#RevolusiIndustri
970937073850085377|2018-03-06|08:20:12|SE Asia Standard Time|MANUSIABERSAY4P|Kemenristekdikti akan Mengelompokkan Jurnal Nasional  http://republika.co.id/share/p55sua428 |0|0|0|
970934922763481088|2018-03-06|08:11:39|SE Asia Standard Time|GEMAWAHYUH|@INFO @info -  Kemenristekdikti akan Mengelompokkan Jurnal Nasional|0|0|0|
970931734651977728|2018-03-05|07:58:59|SE Asia Standard Time|republikaonline|Kemenristekdikti akan Mengelompokkan Jurnal Nasional  http://republika.co.id/share/p55sua428 |0|0|0|
970929142911795200|2018-03-05|07:48:41|SE Asia Standard Time|republikaonline|Kemenristekdikti Serahkan Soal Mahasiswa Bercadar ke Kemenag  http://republika.co.id/share/p55sd4335 |0|1|2|
970901064567238657|2018-03-05|05:57:06|SE Asia Standard Time|kumparan|Kemenristekdikti: Larangan Pakai Cadar Tergantung Kebijakan Kampus  http://bit.ly/2FfVniR |1|4|2|
970898412127240192|2018-03-05|05:46:34|SE Asia Standard Time|redaksi18|Kemenristekdikti Tetap Mengevaluasi Karya Tulis Profesor http://beritanusa.com/index.php?option=com_content&view=article&id=48537:kemenristekdikti-tetap-mengevaluasi-karya-tulis-profesor&catid=89:pendidikan&Itemid=141 … pic.twitter.com/H8ewjM47rz|0|0|0|
970866738685362182|2018-03-05|03:40:42|SE Asia Standard Time|mekanisasi_id|Langkah awal sinergi Kementan dan Kemenristekdikti dalam mebangun kawasan sains dan teknologi enjiniring pertanian serpong di BBPMektan @mekanisasi_id @agroinovasi @kementan #teknologi #mekanisasi #inovasitiadahenti #alsintan #bbpmektan #balitbangtan #kementan pic.twitter.com/XPFVFeV9KM|0|0|3|#teknologi,#mekanisasi,#inovasitiadahenti,#alsintan,#bbpmektan,#balitbangtan,#kementan
970864073737895937|2018-03-05|03:30:07|SE Asia Standard Time|mekanisasi_id|Langkah awal sinergi Kementan dan Kemenristekdikti dalam mebangun kawasan sains dan teknologi enjiniring...  https://fb.me/Scoisu5o |0|0|1|
970845283218178048|2018-03-05|02:15:27|SE Asia Standard Time|purnawarman81|@maspiyuuu Kayaknya di Kemenristekdikti atau Kemdikbud gak ada permen yg melarang. Kalo rektor memaksakan, ada peluang rektor dianggap menyalahi Declaration of Human Rights Article#19 yang lebih universal berlaku di dunia. http://www.youthforhumanrights.org/what-are-human-rights/universal-declaration-of-human-rights/articles-16-30.html …|0|0|0|#19
970803222335107072|2018-03-05|23:28:19|SE Asia Standard Time|diestadhania|"@agasatria kalau kamu googling sk kemenristekdikti yg tertera, gelar magister yg diberikan harusnya  http://M.KG , sedangkan di brosur M.DSc :|btw itu kenapa yg ambil OM gelar nya M.DSc sendiri ya? kan harusnya M.DSc., Sp. IPM? diskriminatif wkwk"|1|0|0|
970744101283954688|2018-03-05|19:33:23|SE Asia Standard Time|EraKomNews|Kemenristekdikti dan PPI se-Dunia Gelar Pameran Beasiswa untuk Studi di Luar Negeri  http://ift.tt/2CZGdbz  #beasiswa #scholarship|0|0|0|#beasiswa,#scholarship
970739540393676800|2018-03-05|19:15:16|SE Asia Standard Time|mendaloNEWS|Kemenristekdikti dan PPI se-Dunia Gelar Pameran Beasiswa untuk Studi di Luar Negeri  https://goo.gl/fb/NYSB9b |0|0|0|
970731822467477504|2018-03-05|18:44:36|SE Asia Standard Time|mendaloNEWS|Kemenristekdikti dan PPI se-Dunia Gelar Pameran Beasiswa untuk Studi di Luar Negeri  https://goo.gl/fb/24eM9z |0|0|0|
970730786633560064|2018-03-05|18:40:29|SE Asia Standard Time|rivalhz|#News Kemenristekdikti dan PPI se-Dunia Gelar Pameran Beasiswa untuk Studi di Luar Neg   http://www.tribunnews.com/pendidikan/2018/03/06/kemenristekdikti-dan-ppi-se-dunia-gelar-pameran-beasiswa-untuk-studi-di-luar-negeri …|0|0|0|#News
970709585886523392|2018-03-05|17:16:14|SE Asia Standard Time|antaramakassar|Unhas tindaklanjuti rekomendasi Kemenristekdikti terkait reformasi birokrasi   https://makassar.antaranews.com/berita/98529/unhas-tindaklanjuti-rekomendasi-kemenristekdikti-terkait-reformasi-birokrasi …|0|0|0|
970704784687734785|2018-03-05|16:57:10|SE Asia Standard Time|agasatria|@divafitria Meski sudah ada SK kemenristekdikti plus alumni-alumni sebelumnya? wkwkwk karena sungguh program ini promising tak bisa dilawan, tapi di lain sisi juga too impossible to be true wakakaka~|1|0|0|
970691944618721280|2018-03-05|16:06:08|SE Asia Standard Time|anonimbogor|Kemenristekdikti akan Tetap Evaluasi Publikasi Profesor  http://dlvr.it/QJq5XZ |0|0|0|
970688471131181058|2018-03-05|15:52:20|SE Asia Standard Time|kabarberita|Kemenristekdikti akan Tetap Evaluasi Publikasi Profesor  https://goo.gl/fb/RFZTYY |0|0|0|
970688142578561024|2018-03-05|15:51:02|SE Asia Standard Time|jpnncom|Menteri Nasir: Ke Depan 50 Persen Mata Kuliah akan Online #Kemenristekdikti  http://jpnn.com/news/menteri-nasir-ke-depan-50-persen-mata-kuliah-akan-online …|0|4|3|#Kemenristekdikti
970685624117112832|2018-03-05|15:41:01|SE Asia Standard Time|republikaonline|Kemenristekdikti akan Tetap Evaluasi Publikasi Profesor  http://republika.co.id/share/p54h03382 |0|1|4|
970676419985661953|2018-03-05|15:04:27|SE Asia Standard Time|infoMKS_|Unhas tindaklanjuti rekomendasi Kemenristekdikti terkait reformasi birokrasi  http://ift.tt/2FdJ7zl |0|4|5|
970626753029840896|2018-03-05|11:47:05|SE Asia Standard Time|iwanjanuarcom|Begini skenarionya:- Pihak kampus melarang- Kemenristekdikti mengambang- Nanti ada keputusan dari atas yang jadikan juragan sebagai pahlawan.Biasanya begitu.  https://twitter.com/detikcom/status/970616166312943617 …|0|5|10|
970596722148769793|2018-03-05|09:47:46|SE Asia Standard Time|BumiSerpong|Kementerian Riset, Teknologi, dan Pendidikan Tinggi (Kemenristekdikti) akan membangun Kawasan…  https://www.instagram.com/p/Bf7-JPJhBgw/ |0|0|1|
970595007987003392|2018-03-05|09:40:57|SE Asia Standard Time|Syiffa_ifa|Ratusan Juta Ini Disalahgunakan Pejabat Ditjen SDID Kemenristekdikti?  http://dlvr.it/QJmqsQ  pic.twitter.com/eEjgC1HGyl|0|0|0|
970594288185692160|2018-03-05|09:38:05|SE Asia Standard Time|Noviiiita_Sari|Ratusan Juta Ini Disalahgunakan Pejabat Ditjen SDID Kemenristekdikti?  http://dlvr.it/QJmq5d  pic.twitter.com/N7Mwbq8xdw|0|0|0|
970593294714580992|2018-03-05|09:34:08|SE Asia Standard Time|klikanggaran|Ratusan Juta Ini Disalahgunakan Pejabat Ditjen SDID Kemenristekdikti?  https://fb.me/3RyJM75s1 |0|0|0|
970593279589859328|2018-03-05|09:34:05|SE Asia Standard Time|klikanggaran|Ratusan Juta Ini Disalahgunakan Pejabat Ditjen SDID Kemenristekdikti?  http://tinyurl.com/y8llr5fm  pic.twitter.com/xF7Obu3lAV|0|0|0|
970582221856825345|2018-03-05|08:50:08|SE Asia Standard Time|AzzaleaAliqa|Serpong Dipilih Kemenristekdikti Jadi Kawasan Ekonomi Khusus  http://majalahkeuangan.com/isi/judul/Serpong_Dipilih_Kemenristekdikti_Jadi_Kawasan_Ekonomi_Khusus … via @keuangan.co|0|0|0|
970551129091096576|2018-03-04|06:46:35|SE Asia Standard Time|Syiffa_ifa|Kinerja Bobrok, Pejabat Kemenristekdikti Bikin SPJ Bodong?  http://dlvr.it/QJm16l  pic.twitter.com/oUj6aXoJoS|0|0|0|
970551127686066176|2018-03-04|06:46:35|SE Asia Standard Time|Noviiiita_Sari|Kinerja Bobrok, Pejabat Kemenristekdikti Bikin SPJ Bodong?  http://dlvr.it/QJm163  pic.twitter.com/Vrl6rZAWU1|0|0|0|
970547288035725312|2018-03-04|06:31:20|SE Asia Standard Time|klikanggaran|Kinerja Bobrok, Pejabat Kemenristekdikti Bikin SPJ Bodong?  https://fb.me/IzFrHqvf |0|0|0|
970547247812243457|2018-03-04|06:31:10|SE Asia Standard Time|klikanggaran|Kinerja Bobrok, Pejabat Kemenristekdikti Bikin SPJ Bodong?  http://tinyurl.com/yd2s3h5j  pic.twitter.com/IHC0JZFMOn|0|0|0|
970497086020927488|2018-03-04|03:11:50|SE Asia Standard Time|KabaSumbar|Sejumlah kampus di Sumbar harapkan Kemenristekdikti tambah kuota bidikmisi  http://dlvr.it/QJlFqt  pic.twitter.com/zAmaYjhBfc|0|0|0|
970459644668796929|2018-03-04|00:43:04|SE Asia Standard Time|SUMBAR_BAKABA|Sejumlah kampus di Sumbar harapkan Kemenristekdikti tambah kuota bidikmisi  http://dlvr.it/QJkjtB  pic.twitter.com/bIElXZIZlZ|0|0|0|
970459644643631104|2018-03-04|00:43:04|SE Asia Standard Time|SUMBAR_BAKABA|Sejumlah kampus di Sumbar harapkan Kemenristekdikti tambah kuota bidikmisi  http://dlvr.it/QJkjqB  pic.twitter.com/tV4qhQXyFb|0|0|0|
970459643616026625|2018-03-04|00:43:03|SE Asia Standard Time|febriantoni_unp|Sejumlah kampus di Sumbar harapkan Kemenristekdikti tambah kuota bidikmisi  http://dlvr.it/QJkjq1  pic.twitter.com/QZ4klWPPzA|0|0|0|
970459643343335424|2018-03-04|00:43:03|SE Asia Standard Time|kabasolok|Sejumlah kampus di Sumbar harapkan Kemenristekdikti tambah kuota bidikmisi  http://dlvr.it/QJkjpf  pic.twitter.com/JMKgw8pf1E|0|0|0|
970459641929900032|2018-03-04|00:43:03|SE Asia Standard Time|KABA_SOLSEL|Sejumlah kampus di Sumbar harapkan Kemenristekdikti tambah kuota bidikmisi  http://dlvr.it/QJkjsD  pic.twitter.com/b2Ng0Dpi5x|0|0|0|
970458385526112256|2018-03-04|00:38:04|SE Asia Standard Time|GolkarSumbar|Sejumlah kampus di Sumbar harapkan Kemenristekdikti tambah kuota bidikmisi  http://dlvr.it/QJkhys  pic.twitter.com/XkmJzafKd2|0|0|0|
970457638256369665|2018-03-04|00:35:05|SE Asia Standard Time|KicauSumbar|"Sejumlah kampus di Sumbar harapkan Kemenristekdikti tambah kuota bidikmisi  http://bit.ly/2FaPP51  | MinangKabau #Sumbar pic.twitter.com/yYYzKDqEUt"|0|0|0|#Sumbar
970456185592725504|2018-03-04|00:29:19|SE Asia Standard Time|antarasumbar|Sejumlah kampus di Sumbar harapkan Kemenristekdikti tambah kuota bidikmisi  https://sumbar.antaranews.com/berita/221560/sejumlah-kampus-di-sumbar-harapkan-kemenristekdikti-tambah-kuota-bidikmisi#.WpyPVWsiTus.twitter …|0|0|1|
970297013819523073|2018-03-04|13:56:49|SE Asia Standard Time|deemaz85|@sarifidris Bisa diteruskan ke kemenristekdikti nggak ya untuk diproses?|0|0|0|
970210945568997381|2018-03-04|08:14:49|SE Asia Standard Time|klikanggaran|Miliaran Pengelolaan Kemenristekdikti Tak Dapat Dipertanggungjawabkan?  https://fb.me/MF8lULQG |0|0|0|
970210914422071296|2018-03-04|08:14:42|SE Asia Standard Time|klikanggaran|Miliaran Pengelolaan Kemenristekdikti Tak Dapat Dipertanggungjawabkan?  http://tinyurl.com/ycc4p4hd  pic.twitter.com/kfcQtwjp1M|0|0|0|
970210908226990080|2018-03-04|08:14:40|SE Asia Standard Time|Syiffa_ifa|Miliaran Pengelolaan Kemenristekdikti Tak Dapat Dipertanggungjawabkan?  http://dlvr.it/QJfgVv  pic.twitter.com/SDOt7em8Os|0|0|0|
970210898307530752|2018-03-04|08:14:38|SE Asia Standard Time|Noviiiita_Sari|Miliaran Pengelolaan Kemenristekdikti Tak Dapat Dipertanggungjawabkan?  http://dlvr.it/QJfgTy  pic.twitter.com/bv4XTE2TLG|0|0|0|
969890562617888769|2018-03-03|11:01:44|SE Asia Standard Time|klikanggaran|Ratusan Juta Masuk Kantong Diam-Diam di Kemenristekdikti?  https://fb.me/2AS2QFY53 |0|0|0|
969788722420969472|2018-03-02|04:17:03|SE Asia Standard Time|Noviiiita_Sari|Kinerja Buruk, Itjen Kemenristekdikti Hamburkan Uang Miliaran Rupiah?  http://dlvr.it/QJXJ1j  pic.twitter.com/fGqHqvnX2y|0|0|0|
969788722349686784|2018-03-02|04:17:03|SE Asia Standard Time|Syiffa_ifa|Kinerja Buruk, Itjen Kemenristekdikti Hamburkan Uang Miliaran Rupiah?  http://dlvr.it/QJXJ17  pic.twitter.com/DdcoOKOv32|0|0|0|
969785702530547712|2018-03-02|04:05:03|SE Asia Standard Time|JurnalAsiaCom|Kementan-Kemenristekdikti Kembangkan Sains Pertanian Modern  http://www.jurnalasia.com/seremoni/kementan-kemenristekdikti-kembangkan-sains-pertanian-modern/ …|0|0|0|
969784816060289024|2018-03-02|04:01:32|SE Asia Standard Time|klikanggaran|Kinerja Buruk, Itjen Kemenristekdikti Hamburkan Uang Miliaran Rupiah?  https://fb.me/N4tic5Xa |0|0|0|
969784772430938112|2018-03-02|04:01:22|SE Asia Standard Time|klikanggaran|Kinerja Buruk, Itjen Kemenristekdikti Hamburkan Uang Miliaran Rupiah?  http://tinyurl.com/y9hmdfcv  pic.twitter.com/LflA4dUzUu|0|0|0|
969684289418756097|2018-03-02|21:22:05|SE Asia Standard Time|antaranews|Kemenristekdikti: Lembaga pendidikan asah inovasi mahasiswa  http://dlvr.it/QJVhbC  pic.twitter.com/YLhKz14wOG|0|0|0|
969604815574765568|2018-03-02|16:06:17|SE Asia Standard Time|kabarberita|Kemenristekdikti: Lembaga pendidikan asah inovasi mahasiswa  https://goo.gl/fb/NdLQS8 |0|0|0|
969602033627131904|2018-03-02|15:55:13|SE Asia Standard Time|BantenMedia|Kemenristekdikti: Lembaga pendidikan asah inovasi mahasiswa  https://goo.gl/fb/Bi59vb |0|0|0|
969600251379273729|2018-03-02|15:48:08|SE Asia Standard Time|GEMAWAHYUH|@INFO @info -  Kemenristekdikti: Lembaga pendidikan asah inovasi mahasiswa|0|0|0|
969521785900236800|2018-03-02|10:36:21|SE Asia Standard Time|sumaterapostnew|Dosen IIB Darmajaya Menangkan 29 Hibah Kemenristekdikti  http://sumaterapost.co/dosen-iib-darmajaya-menangkan-29-hibah-kemenristekdikti/ … pic.twitter.com/5QlUhJJCPn|0|1|0|
969513479576027136|2018-03-02|10:03:20|SE Asia Standard Time|BENNI808|Konflik Yayasan UNRAS Akibat Dari Surat Kemenristekdikti  https://www.garudacitizen.com/konflik-yayasan-unras-akibat-dari-surat-kemenristekdikti/ … lewat @garuda_citizen|0|0|0|
969493770742898689|2018-03-02|08:45:01|SE Asia Standard Time|RILISonline|Kemenristekdikti akan mendukung kerjasama pengembangan teknologi pertanian dengan Kementan  http://rilis.id/Bangun-KEK-Pendidikan-Ristekdikti-Dukung-Inovasi-Teknologi-Pertanian …|0|0|0|
969481319720734721|2018-03-01|07:55:33|SE Asia Standard Time|Official_Unej|New post (Kemenristekdikti Bakal Terapkan Sistem Penomoran Ijazah Nasional) has been published on Humas -  http://humas.unej.ac.id/kemenristekdikti-bakal-terapkan-sistem-penomoran-ijazah-nasional/?lang=id … pic.twitter.com/bxntoI8Xok|0|0|0|
969457751033303040|2018-03-01|06:21:54|SE Asia Standard Time|pontianakpost1|ISRD dibuka secara resmi oleh Direktur Karier dan Kompetensi SDM Kemenristekdikti Prof. Dr. Bunyamin Maftuh,...  https://fb.me/118YjJAmf |0|0|1|
969454897136533504|2018-03-01|06:10:33|SE Asia Standard Time|jp_wibowo|Kemenristekdikti Segera Terapkan Penomoran Ijazah Nasional  https://fb.me/AVmIeEhi |0|0|0|
969454693788217344|2018-03-01|06:09:45|SE Asia Standard Time|nmarsudi|Kemenristekdikti Tengah Siapkan Kawasan Ekonomi Khusus Pendidikan  http://po.st/SyIwG6  via @kemristekdikti|0|0|0|
969423295627046912|2018-03-01|04:04:59|SE Asia Standard Time|aninaadinda|KEMENTAN DAN KEMENRISTEKDIKTI BERSINERGI BANGUN SEKOLAH POLITEKNIK PERTANIAN MODERN DI MEKTAN SERPONG  http://www.jakartanewson.com/nasional/kementan-dan-kemenristekdikti-bersinergi-bangun-sekolah-politeknik-pertanian-modern-di-mektan-serpong …|0|0|0|
969395347943391233|2018-03-01|02:13:56|SE Asia Standard Time|LP2MUNNES|Evaluasi Instrumen Penelitian dan Pengumpulan Proposal Penelitian dan Pengabdian kpd Masyarakat Sumber Dana DRPM Kemenristekdikti 2018  https://wp.me/p6Zd1k-VB |0|0|0|
969385072066314240|2018-03-01|01:33:06|SE Asia Standard Time|ketutsukrena|Kedaulatan Pangan, Kemenristekdikti Gandeng Kementerian Pertanian   http://bit.ly/2oL7lpt |0|0|0|
969377647766659072|2018-03-01|01:03:36|SE Asia Standard Time|DirektoratAkabi|Kementan dan Kemenristekdikti bangun sekolah politeknik pertanian modern di Serpong http://www.jakartanewson.com/nasional/kementan-dan-kemenristekdikti-bersinergi-bangun-sekolah-politeknik-pertanian-modern-di-mektan-serpong …|0|0|8|
969233832141406209|2018-03-01|15:32:07|SE Asia Standard Time|Syiffa_ifa|Ditjen Kelembagaan Kemenristekdikti Terindikasi Lakukan Kecurangan?  http://dlvr.it/QJKWtd  pic.twitter.com/UIPYLrdsP5|0|0|0|
969233830623166464|2018-03-01|15:32:07|SE Asia Standard Time|Noviiiita_Sari|Ditjen Kelembagaan Kemenristekdikti Terindikasi Lakukan Kecurangan?  http://dlvr.it/QJKWrB  pic.twitter.com/msbjg93pQl|0|0|0|
969228538011254785|2018-03-01|15:11:05|SE Asia Standard Time|inaPOScom|Kemenristekdikti Tengah Siapkan Kawasan Ekonomi Khusus Pendidikan  http://dlvr.it/QJKNZz  pic.twitter.com/sGg2ZVNea9|0|0|0|
969226735211474944|2018-03-01|15:03:55|SE Asia Standard Time|klikanggaran|Ditjen Kelembagaan Kemenristekdikti Terindikasi Lakukan Kecurangan?  https://fb.me/1BY64aN5y |0|1|1|
969226709206671361|2018-03-01|15:03:49|SE Asia Standard Time|klikanggaran|Ditjen Kelembagaan Kemenristekdikti Terindikasi Lakukan Kecurangan?  http://tinyurl.com/ycjpmcuv  pic.twitter.com/9wJrIDKLqA|0|1|1|
969217546682384384|2018-03-01|14:27:24|SE Asia Standard Time|unpgri_kediri|Info #RistekDikti : Kemenristekdikti Tengah Siapkan Kawasan Ekonomi Khusus Pendidikan  https://ristekdikti.go.id/kemenristekdikti-tengah-siapkan-kawasan-ekonomi-khusus-pendidikan/ …|0|0|0|#RistekDikti
969217541150195712|2018-03-01|14:27:23|SE Asia Standard Time|unpgri_kediri|#unpgrikediri Info #RistekDikti : Kemenristekdikti Tengah Siapkan Kawasan Ekonomi Khusus Pendidikan  https://ristekdikti.go.id/kemenristekdikti-tengah-siapkan-kawasan-ekonomi-khusus-pendidikan/ … #kotakediri #kedirikab #kediri #kedirilagi #harmonikediri #kedirihits #kediriraya|0|0|0|#unpgrikediri,#RistekDikti,#kotakediri,#kedirikab,#kediri,#kedirilagi,#harmonikediri,#kedirihits,#kediriraya
969211067611070464|2018-03-01|14:01:40|SE Asia Standard Time|kampusinfo|Kemenristekdikti Tengah Siapkan Kawasan Ekonomi Khusus Pendidikan  http://dlvr.it/QJJxRW  pic.twitter.com/pH9HYeQGCV|0|1|0|
969204917792489472|2018-03-01|13:37:14|SE Asia Standard Time|faperta_unihaz|Kemenristekdikti Tengah Siapkan Kawasan Ekonomi Khusus Pendidikan  http://dlvr.it/QJJnnJ  pic.twitter.com/UHr0s0cGMD|0|0|0|
969203143861874689|2018-03-01|13:30:11|SE Asia Standard Time|Menara62com|Kemenristekdikti Siapkan Kawasan Ekonomi Khusus Pendidikan  http://dlvr.it/QJJlY9  pic.twitter.com/K1dgbz4xoo|0|0|0|
969203142960099328|2018-03-01|13:30:10|SE Asia Standard Time|kangDed18255164|Kemenristekdikti Siapkan Kawasan Ekonomi Khusus Pendidikan  http://dlvr.it/QJJlY6  pic.twitter.com/b59LZmoP8l|0|0|0|
969203126308716544|2018-03-01|13:30:06|SE Asia Standard Time|Janes58155879|Kemenristekdikti Siapkan Kawasan Ekonomi Khusus Pendidikan  http://dlvr.it/QJJlVr |0|0|0|
969170283620904960|2018-03-01|11:19:36|SE Asia Standard Time|klikanggaran|Triliunan Uang Bansos dari Kemenristekdikti untuk Mahasiswa, Sudahkah Dimanfaatkan dengan Baik?  https://fb.me/10S2n5vAX |0|0|0|
969170266436730880|2018-03-01|11:19:32|SE Asia Standard Time|klikanggaran|Triliunan Uang Bansos dari Kemenristekdikti untuk Mahasiswa, Sudahkah Dimanfaatkan dengan Baik?  http://tinyurl.com/ycn76ftr  pic.twitter.com/Kq86WSEZYp|0|0|0|
969122601753755648|2018-03-01|08:10:08|SE Asia Standard Time|Syiffa_ifa|Triluinan Uang Bansos dari Kemenristekdikti untuk Mahasiswa, Sudahkah Dimanfaatkan dengan Baik?  http://dlvr.it/QJGv8P  pic.twitter.com/AZv71TIlf4|0|0|0|
969121955122049025|2018-03-01|08:07:34|SE Asia Standard Time|Noviiiita_Sari|Triluinan Uang Bansos dari Kemenristekdikti untuk Mahasiswa, Sudahkah Dimanfaatkan dengan Baik?  http://dlvr.it/QJGtgd  pic.twitter.com/n75IC3QiiE|0|0|0|
969120658377625601|2018-03-01|08:02:25|SE Asia Standard Time|klikanggaran|Triluinan Uang Bansos dari Kemenristekdikti untuk Mahasiswa, Sudahkah Dimanfaatkan dengan Baik?  https://fb.me/8VqRAlfTc |0|0|0|
969120610398777344|2018-03-01|08:02:13|SE Asia Standard Time|klikanggaran|Triluinan Uang Bansos dari Kemenristekdikti untuk Mahasiswa, Sudahkah Dimanfaatkan dengan Baik?  http://tinyurl.com/ycn76ftr  pic.twitter.com/qkbKdbLLOL|0|0|0|
969120462939697152|2018-03-01|08:01:38|SE Asia Standard Time|infolampungpro|Lampungpro - Wow...Dosen IIB Darmajaya Raih 29 Hibah Kemenristekdikti 2018  https://lampungpro.com/post/10691/wowdosen-iib-darmajaya-raih-29-hibah-kemenristekdikti-2018 … #lampungpro|0|0|0|#lampungpro
969110796574670848|2018-02-28|07:23:13|SE Asia Standard Time|RILISonline|Upaya Kemenristekdikti untuk memajukan universitas yang ada di Indonesia  http://rilis.id/Kemenristekdikti-Targetkan-UI-Masuk-200-Kampus-Dunia …|0|1|1|
969057330158436353|2018-02-28|03:50:46|SE Asia Standard Time|kemristekdikti|@BKNgoid @007Adl Halo, untuk pertanyaan tentang CPNS Kemenristekdikti, bisa melalui call center resmi kami (1500661) untuk informasi lebih jelasnya.|0|0|1|
