973465169081794561|2018-03-13|07:45:57|SE Asia Standard Time|albertcruz_666|Retweeted  http://xn--parntesis-d4a.comparéntesis.com  (@parentesis):Las nuevas aplicaciones de Mitsubishi para Android Auto...  https://fb.me/1FedLB63H |0|0|0|
973464302589005824|2018-03-13|07:42:30|SE Asia Standard Time|tellthee|At the Mitsubishi Electric Hall for a staff meeting.... unfortunately not for a Nick Cave concert   pic.twitter.com/k7PUqNhKj0|0|0|0|
973464096405258240|2018-03-13|07:41:41|SE Asia Standard Time|kamiyatc_ontw|[17L25624]★格安工具★MITSUBISHI/三菱 漏電遮断器NVシリーズ2個セット NV100-SP 100A,NV225-SP 125A  https://page.auctions.yahoo.co.jp/jp/auction/292775121 … #ヤフオク|0|0|0|#ヤフオク
973463210543083520|2018-03-13|07:38:10|SE Asia Standard Time|Carbot__|"Mitsubishi EVO Rally race racing v  | 192 http://www.wallpapercasa.com/wallpapers/show/2378018 …"|0|0|0|
973463177047375877|2018-03-13|07:38:02|SE Asia Standard Time|import_racer|I liked a @YouTube video  http://youtu.be/mB8ZKoQFfOI?a  I BOUGHT A MITSUBISHI EVO X|0|0|0|
973462676868231169|2018-03-13|07:36:02|SE Asia Standard Time|MITSUBISHIinfom|レスポンス 三菱ふそう×新明和、eキャンター ごみ収集車を共同開発へ レスポンス 三菱ふそうトラック・バス（MFTBC）は、世界初の量産電気小型トラック『eキャンター』のごみ収集車仕様を開発すると…  https://goo.gl/fb/uyVx2e  #mitsubishi #三菱|0|0|0|#mitsubishi,#三菱
973462675660275712|2018-03-13|07:36:02|SE Asia Standard Time|MITSUBISHIinfom|日本経済新聞 来月「三菱ＵＦＪ銀行」に 突き出し看板、静かに退場 日本経済新聞 三菱東京ＵＦＪ銀行が４月１日の行名変更に合わせ、「店舗の宣伝戦略」を静かに転換している。一部店舗ではビルの外壁などに…  https://goo.gl/fb/Vf6R4Q  #mitsubishi #三菱|0|0|0|#mitsubishi,#三菱
973462252127797248|2018-03-13|07:34:21|SE Asia Standard Time|MITSUBISHINews2|レスポンス 三菱ふそう×新明和、eキャンター ごみ収集車を共同開発へ レスポンス 三菱ふそうトラック・バス（MFTBC）は、世界初の量産電気小型トラック『eキャンター』のごみ収集車仕様を開発すると発表した。 eキャンターは世界初…  https://goo.gl/fb/j4aTCX |0|0|0|
973462250743721985|2018-03-13|07:34:21|SE Asia Standard Time|MITSUBISHINews2|日本経済新聞 来月「三菱ＵＦＪ銀行」に 突き出し看板、静かに退場 日本経済新聞 三菱東京ＵＦＪ銀行が４月１日の行名変更に合わせ、「店舗の宣伝戦略」を静かに転換している。一部店舗ではビルの外壁などに設置する「突き出し看板」の更新を…  https://goo.gl/fb/Y95Fu9 |0|0|0|
973461676090572800|2018-03-13|07:32:04|SE Asia Standard Time|kabarotocom|Mitsubishi Resmikan Dealer Kendaraan Penumpang Di Banyuwangi #kabaroto #otomotif #Mitsubishi  https://kabaroto.com/post/read/mitsubishi-resmikan-dealer-kendaraan-penumpang-di-banyuwangi …|0|0|0|#kabaroto,#otomotif,#Mitsubishi
973461519886376962|2018-03-13|07:31:27|SE Asia Standard Time|Mitsubishi_Cent|The #Mitsubishi #Triton. Combining the interior comforts of a passenger car with the power, durability and performance of a workhorse bakkie.Get it now and avoid the VAT increase starting in April!For more info email us at: deonr@multifranchise.co.zaOr call us on: 012 665 0013 pic.twitter.com/ypAjTHzdDu|0|0|0|#Mitsubishi,#Triton
973461449237508096|2018-03-13|07:31:10|SE Asia Standard Time|SubseaNews|March 13, 2018 at 08:26AM Agreement for Bangladesh LNG scheme  http://ift.tt/2FR2T30  Bangladesh-based Summit Power and Japan’s Mitsubishi Corporation with its subsidiary Diamond Gas have signed a Memorandum of Understanding to develop a liquefied natural gas-to-power project…|0|0|0|
973460528742961154|2018-03-13|07:27:30|SE Asia Standard Time|Speedliveit|Gian Maria Gabbiani vince la categoria e sfiora la top 10 assoluta con la Mitsubishi R4 al Rally di Castelletto di Branduzzo http://www.speed-live.it/63460/gian-maria-gabbiani-vince-la-categoria-e-sfiora-la-top-10-assoluta-con-la-mitsubishi-r4-al-rally-di-castelletto-di-branduzzo/ …|0|0|0|
973460365454458880|2018-03-13|07:26:51|SE Asia Standard Time|nirinsou_RS|@mitsubishi_jeep あれ？チャーハンのチャーハンセットじゃないんですか？w|0|0|1|
973459866235949056|2018-03-13|07:24:52|SE Asia Standard Time|MitsubishiG| https://fb.me/8vG6Znzhm |0|0|0|
973459589575229440|2018-03-13|07:23:46|SE Asia Standard Time|equatormotorsuk|2011 (11) - Mitsubishi Lancer 2.0 RALLIART GS ATUO 4X4 Auto 5-Door2.0L petrol semiautomatic transmission Mileage >> 63507Price CIF = £14950  pic.twitter.com/wAz8uQ7QzN|0|0|0|
973459427645730816|2018-03-13|07:23:08|SE Asia Standard Time|MaganasMotors|"Mitsubishi RVR 5-_Speed | Manual | 1800cc | 3-Door | Bull Bar | Brand New Tires  +254788206439Ksh299,000  pic.twitter.com/nNHLkYqh4q"|0|0|0|
973459331348926464|2018-03-13|07:22:45|SE Asia Standard Time|rockomotif|Mitsubishi Xpander cuma butuh waktu 6 bulan untuk menggeser Avanza dari posisi puncak mobil…  https://www.instagram.com/p/BgQT56PBD3A/ |0|0|0|
973458428193583104|2018-03-13|07:19:09|SE Asia Standard Time|smallcappick|#CHAL #Mammoet #BANKRUPT MY #BACKSIDE JUDGE WILL JUST LAUGHhas been awarded a contract by Mitsubishi Heavy Industries America, Inc. (MHIA) to support a large polymer production plant expansion project on the Gulf Coast in #Texas. http://www.mammoet.com/news/mammoet-awarded-contract-for-expansion-on-texas-gulf-coast/ …|2|8|8|#CHAL,#Mammoet,#BANKRUPT,#BACKSIDE,#Texas
973458315182194688|2018-03-13|07:18:42|SE Asia Standard Time|akari_for_car|わぁいMITSUBISHI　MOTORS　あかりMITSUBISHI　MOTORS大好き　 http://www.mitsubishi-motors.co.jp/ |0|0|0|
973458284043649024|2018-03-13|07:18:35|SE Asia Standard Time|cscit2|Xe Mitsubishi Pajero sport 2.5 MT đăng kí tháng 1/2017: Xe Mitsubishi Pajero sport 2.5 MT…  https://goo.gl/fb/aUd36U |0|0|0|
973458165605036032|2018-03-13|07:18:07|SE Asia Standard Time|ddainesk|Moving From Mitsubishi's Outlander Sport to the Smaller-engined Eclipse Cross Won't Pay Off At the Pumps - The Truth About Cars  http://crwd.fr/2FAzPwT |0|0|0|
973457964613951488|2018-03-13|07:17:19|SE Asia Standard Time|Batterygarage|Renault-Nissan-Mitsubishi wants solid-state batteries by 2025  https://goo.gl/eqGhCs |0|0|0|
973457663181971456|2018-03-13|07:16:07|SE Asia Standard Time|AgyaClubIndo|Mitsubishi Tengah Kembangkan SUV Baru, Rilis Tahun 2020  pic.twitter.com/VuF3UUGTAe|0|0|0|
973457570676568064|2018-03-13|07:15:45|SE Asia Standard Time|Mitsubishi_MG|Berikut ini adalah komponennya :1. AltenatorAltenator adalah salah satu komponen vital pada…  https://www.instagram.com/p/BgQSV8vhuBb/ |0|0|0|
973457032228548608|2018-03-13|07:13:37|SE Asia Standard Time|ensertl200|Sert durmak, doğasında var.  #profit #offroad #mitsubishi #l200 pic.twitter.com/Cm3Till3lD|0|0|0|#profit,#offroad,#mitsubishi,#l200
973456993934561280|2018-03-13|07:13:27|SE Asia Standard Time|infomotor14|JORGE DEL CID, GANADOR DE LA PRIMERA PRUEBA DE LA MITSUBISHI EVO CUP 2018  http://infomotor.es/jorge-del-cid-ganador-de-la-primera-prueba-de-la-mitsubishi-evo-cup-2018/ …|0|0|0|
973455917185425413|2018-03-13|07:09:11|SE Asia Standard Time|summumgolf|Los días 17 y 18 de Marzo, nos vemos en el Real Club Sevilla #Golf para disfrutar del primer #torneo del #Circuito #Nacional #Summum @Mitsubishi_ES 2018¡No os quedéis fuera!  http://bit.ly/2IfCzye  @MeliaHtlResorts @WilsonGolfSpain @javidelacalzada @Drasanvi @EstrellaDammEs pic.twitter.com/PcSmClAyoI|0|2|4|#Golf,#torneo,#Circuito,#Nacional,#Summum
973455649605525504|2018-03-13|07:08:07|SE Asia Standard Time|Carbot__|"Mitsubishi EVO Rally race racing x  | 192 http://www.wallpapercasa.com/wallpapers/show/2378019 …"|0|0|0|
973455357396832256|2018-03-13|07:06:57|SE Asia Standard Time|AutonetMagz|Mitsubishi Tengah Kembangkan SUV Baru, Rilis Tahun 2020  https://autonetmagz.com/mitsubishi-tengah-kembangkan-suv-baru-rilis-tahun-2020/66670/ … pic.twitter.com/vIH4Sn9xDs|0|1|0|
973454934044823552|2018-03-13|07:05:16|SE Asia Standard Time|ikz_haustechnik|Climaveneta – eine Marke der Mitsubishi-Electric-Gruppe – hat seine Kaltwassererzeuger der wassergekühlten „TX-W“-Serie in einer neuen Generation eingeführt. Durch Einsatz neuer Turboverdichter konnte die Leistungsbandbreite von....  https://www.ikz.de/klima-lueftungstechnik/news/detail/mitsubishi-oelfreie-kaltwassererzeuger/ …|0|0|0|
973454741920501760|2018-03-13|07:04:31|SE Asia Standard Time|basmacizade|@Cevat_A Bonjour mösyö Ağırman, Hilux'un Mitsubishi'nin giremediği yerlerde horon teper gibi... yalnız tasvire bak Balzac yapamamıştır böylesini|1|0|1|
973454693291757569|2018-03-13|07:04:19|SE Asia Standard Time|fayray_99|“ Mitsubishi Triton นัดคิวเข้ามาติดตั้งโช๊คอัพระบบถุงลม Shokku Sports อยากนิ่ง แน่น หนึบ ไม่ดีด…  https://www.instagram.com/p/BgQRy6RFlDy/ |0|0|0|
973454674950017024|2018-03-13|07:04:15|SE Asia Standard Time|glucyctitu|Mitsubishi ASX 1.6 - ГБО Landi Renzo  https://www.youtube.com/watch?v=otcVtMT6OWo …|0|0|0|
973454394682421248|2018-03-13|07:03:08|SE Asia Standard Time|sysmaya|a aem universal ajustable regulador de presion de combustible kit 25 302bk mitsubishi evo -  http://ift.tt/2GobLLG  pic.twitter.com/Enfyzbi37i|0|0|0|
973454242710282241|2018-03-13|07:02:32|SE Asia Standard Time|AbbarMitsubishi|@Mokaifaty @smms1962 مافي احسن من متسوبيشي |0|0|0|
973454217234001920|2018-03-13|07:02:25|SE Asia Standard Time|SummitBD|Summit Power inks pact with Mitsubishi for integrated LNG terminal, power project in Bangladesh  https://fb.me/7CalvfWJ1 |0|0|0|
973454201429819393|2018-03-13|07:02:22|SE Asia Standard Time|ME_Klima|"#MELCloud ile evinizi daha varmadan istediğiniz sıcaklığa getirerek çalışmanıza evinizin konforunda devam edebilirsiniz.  https://klima.mitsubishielectric.com.tr    | #MitsubishiElectricKlima pic.twitter.com/kNzWzvO9gm"|0|0|1|#MELCloud,#MitsubishiElectricKlima
973453992712916992|2018-03-13|07:01:32|SE Asia Standard Time|BeritaApdet|Mitsubishi Kian Perkuat Jaringan di Banyuwangi  http://ift.tt/2tEzjJn |0|0|0|
973453964963229697|2018-03-13|07:01:25|SE Asia Standard Time|summitpowerintl|Summit Corp a subsidiary of @summitpowerintl along with Summit Holdings have signed MOU With Mitsubishi Corporation for up to US$3 Billion Integrated LNG Terminal and Power Project in Bangladesh.  http://bit.ly/2pedgE3  pic.twitter.com/aINj8dWFAl|0|1|2|
973453719982559232|2018-03-13|07:00:27|SE Asia Standard Time|BSAFunds|The Renault-Nissan-Mitsubishi carmaker alliance has a plan to be a frontrunner in the global race to launch the next generation of electric vehicles  http://on.ft.com/2DlOIxN  #BSAFunds #MerchantCashAdvance #BlueStreakAdvances|0|0|0|#BSAFunds,#MerchantCashAdvance,#BlueStreakAdvances
973453027460857856|2018-03-12|06:57:42|SE Asia Standard Time|mitsubishi_CM|三菱 デボネア（初代） pic.twitter.com/nZ8nJrPxeU|0|0|0|
973452782060568576|2018-03-12|06:56:43|SE Asia Standard Time|LP_RentACar|Mitsubishi Lancer 2017 1800aed/month. Calls us now! 055-233-3201 #dubai #uae #carrentals #rentin #ajman #sharjah|0|0|0|#dubai,#uae,#carrentals,#rentin,#ajman,#sharjah
973452754298523649|2018-03-12|06:56:37|SE Asia Standard Time|AbbarMitsubishi|@SarhanMulfi صباح النور والسرورلايوجد مكيف متسوبيشي شباك في السوق حاليا|0|0|0|
973452578263515136|2018-03-12|06:55:55|SE Asia Standard Time|LAXNeddrick|Securing your first bag > playing for a winner...also there’s an off chance that Mitsubishi might be good so there’s that too  https://twitter.com/jailposejesus/status/973452309173764096 …|0|0|0|
973452361149702146|2018-03-12|06:55:03|SE Asia Standard Time|pacificadsgroup|Mitsubishi Colt for sale Timor Car Sales! Click here for more details...  https://fb.me/2v8ElXXlF |0|0|0|
973452112137928705|2018-03-12|06:54:04|SE Asia Standard Time|MitsubishiBdg|Penjualan Mitsubishi Fuso Indonesia Naik Target  http://dlvr.it/QKpMvk |0|0|0|
973451852917358593|2018-03-12|06:53:02|SE Asia Standard Time|jpnncom|Mitsubishi Kian Perkuat Jaringan di Banyuwangi #Mitsubishi  http://jpnn.com/news/mitsubishi-kian-perkuat-jaringan-di-banyuwangi …|0|0|0|#Mitsubishi
973451083744821248|2018-03-12|06:49:58|SE Asia Standard Time|__kimcat|Who wants to buy me a 2011 Mitsubishi Eclipse GS|2|0|0|
973450994330865665|2018-03-12|06:49:37|SE Asia Standard Time|HashVirals|Mitsubishi Heavy: H-100 Gas Turbine & Low NOx Combustion System ontvangt kwalificatie voor volledige mechanische aandrijving van Shell  http://hashvirals.com/mitsubishi-heavy-h-100-gas-turbine-low-nox-combustion-system-ontvangt-kwalificatie-voor-volledige-mechanische-aandrijving-van-shell/ … pic.twitter.com/whPy86FVsT|0|0|0|
973450978803372033|2018-03-12|06:49:33|SE Asia Standard Time|tomoandchouchou|三菱一号館美術館で現在行われているルドン-秘密の花園-へ行ってきました。私の好きな画家ナンバー1に君臨された位とても私的には気に入りました5月20日迄やってるので行ってみては？Frore d'Odilon REDON at Mitsubishi Ichigokan Museum, Tokyo 'till 20 May! Enjoy spiritual world!  pic.twitter.com/F9e1Ox2QJR|0|0|0|
973450924604706816|2018-03-12|06:49:20|SE Asia Standard Time|sanrijp_cars|MITSUBISHI OUTLANDER 2011 CH:CW4W 20M ROAR 4WDREADY FOR SHIPPING TO KENYA -UGANDA-TANZANIA-SOUTH SUDAN-CONGO-RWANDAEngine: 2000cc (AT)Mileage: 44000 kmsYear: 2011Price: CIF 10000USDPlease whatsapp:+996770529449Email: sanrijapan@gmail.comLocation : Japan Yokohama  pic.twitter.com/eIrqYlPg7e|0|0|0|
973449448067158016|2018-03-12|06:43:28|SE Asia Standard Time|susankrusel|Mitsubishi, Ford, Kia among winners as Russia sales rise 25 percent @AutoNewsEurope http://europe.autonews.com/article/20180312/ANE/180309538 …|0|1|1|
973449409156599808|2018-03-12|06:43:19|SE Asia Standard Time|PantelisCleanth|"MHI Thermal Systems Concludes Agreement with Beijer Ref to Collaborate in Air-Conditioning and Heat Pump Business in UK and Ireland | Mitsubishi Heavy Industries, Ltd. Global Website  https://lnkd.in/d6ebsVw "|0|0|0|
973449306064785408|2018-03-12|06:42:55|SE Asia Standard Time|skyradioest|Житель Словакии Гевин превратил свой электрокар Peugeot iOn (брат-близнец Mitsubishi i-MiEV) в мобильную...  https://fb.me/12kQq8dN2 |0|0|0|
973449028821307392|2018-03-12|06:41:48|SE Asia Standard Time|go_igo|At Head Office of PT. Mitsubishi Electric Indonesia [pic] —  https://path.com/p/2oimkN |0|0|0|
973449025096531968|2018-03-12|06:41:48|SE Asia Standard Time|drlocksecurity|Programming a Mitsubishi Lancer key  http://youtu.be/0_oHnG4PU9o?a |0|0|0|
973448503560032256|2018-03-12|06:39:43|SE Asia Standard Time|tren_masakini|MMKSI Buka Diler Kendaraan Penumpang di Banyuwangi  https://goo.gl/vFphGo  @Mitsubishi_ID @inilahdotcom #terpopuler #news|0|0|0|#terpopuler,#news
973448119152140288|2018-03-12|06:38:12|SE Asia Standard Time|Carbot__|"Mitsubishi Lancer evo VII WRC rally cars 2001 | 2048x1536  http://www.wallpapercasa.com/wallpapers/show/2716153 …"|0|0|0|
973447769196191744|2018-03-12|06:36:48|SE Asia Standard Time|ColtonGale|From bortles to Mitsubishi. Wouldn't be my choice but whatever  https://twitter.com/AdamSchefter/status/973444603897679874 …|0|0|0|
973447567756312576|2018-03-12|06:36:00|SE Asia Standard Time|drlocksecurity|I added a video to a @YouTube playlist  http://youtu.be/0_oHnG4PU9o?a  Program keys for Mitsubishi Lancer Sedan 2008|0|0|0|
973447367860129793|2018-03-12|06:35:12|SE Asia Standard Time|mary5sok|Mitsubishi Eclipse Cross Ride & Drive  #cerritosautosquare #cerritosmitsubishi #mitsubishimotors…  https://www.instagram.com/p/BgQObvFlIRB/ |0|0|0|#cerritosautosquare,#cerritosmitsubishi,#mitsubishimotors
973446972194676736|2018-03-12|06:33:38|SE Asia Standard Time|CiwiAutocars|@MARGOCITY Pameran mitsubishi @margocity Dapatkan penawaran bonus dan diskon…  https://www.instagram.com/p/BgQOKspl-Po/ |0|0|0|
973446836097753088|2018-03-12|06:33:06|SE Asia Standard Time|riaugreencom|Xpander Laris, Diler Mitsubishi Mulai Menjamur  http://dlvr.it/QKpHx9  pic.twitter.com/7Lo0JHjK67|0|0|0|
973446424665907203|2018-03-12|06:31:28|SE Asia Standard Time|r76per|Mitsubishi Fuso Fighter 6x4 TH 270PS:  http://youtu.be/A3JK3qRDvag?a  via @YouTube|0|0|0|
973446197162602496|2018-03-12|06:30:33|SE Asia Standard Time|us_steelman|"Mitsubishi Motors' Outlook for Operations at Thailand Plant -- Mitsubishi Australia | PRLog  http://ref.gl/9tlDApqs "|0|0|0|
973446112890707968|2018-03-12|06:30:13|SE Asia Standard Time|MetrotownMitsu|Thanks, Adrian Seguin, for your excellent review on Google #BIZINGA  https://reviews.bizinga.com/metrotown-mitsubishi-147810927793655/review/130474890582139394 …|0|0|0|#BIZINGA
973446112613892096|2018-03-12|06:30:13|SE Asia Standard Time|sekundovaiwa|Mitsubishi планирует выпустить еще один кроссовер|0|0|0|
973446085866917888|2018-03-12|06:30:07|SE Asia Standard Time|konektamundo|2018 Mitsubishi Eclipse Cross Exceed AWD review  https://buff.ly/2G8D502 |0|0|0|
973446079130763264|2018-03-12|06:30:05|SE Asia Standard Time|Autodeft|#Mitsubishi ส่งออก #MitsubishiXpander อเนกประสงค์รุ่นล่า อย่างเป็นทางการขายจริง พฤษภาคมนี้ ที่ฟิลิปปินส์ เริ่ม...  https://fb.me/1yJar09mi |0|0|0|#Mitsubishi,#MitsubishiXpander
973445823320113154|2018-03-12|06:29:04|SE Asia Standard Time|AyoKeBanyuwangi|Perkuat Jaringan di Jawa Timur, MMKSI Resmikan Dealer di Banyuwangi:  http://JawaPos.com  - PT Mitsubishi Motors Krama Yudha Sales Indonesia (MMKSI) kembali menambah jumlah dealer. Di Banyuwangi, Jawa Timur, MMKSI bersama Sumatera Berlian Motors (SBM)…  http://dlvr.it/QKpHG1 |0|0|0|
973445823274016768|2018-03-12|06:29:04|SE Asia Standard Time|KotaGenteng|Perkuat Jaringan di Jawa Timur, MMKSI Resmikan Dealer di Banyuwangi:  http://JawaPos.com  - PT Mitsubishi Motors Krama Yudha Sales Indonesia (MMKSI) kembali menambah jumlah dealer. Di Banyuwangi, Jawa Timur, MMKSI bersama Sumatera Berlian Motors (SBM)…  http://dlvr.it/QKpHFg |0|0|0|
973445259723145217|2018-03-12|06:26:50|SE Asia Standard Time|rafaellages|Venho aqui publicamente me desculpar com a @mitsucars ,achava que ela ia falir pelas decisões ruins do CEO, mas eu estava completamente enganado, já que a mesma deslocou 50 engenheiros por 6 meses para criar o Fidget Spinner que gira por mais tempo no mundo. PARABÉNS MITSUBISHI!|0|0|0|
973445089388367872|2018-03-12|06:26:09|SE Asia Standard Time|wwwAUTOsk|Tak ešte jedno zabudnuté video zo Ženevy. Už naozaj posledné  Mitsubishi e-Evolution Concept.  https://fb.me/auJ0HXuRT |0|0|0|
973444968747499520|2018-03-12|06:25:40|SE Asia Standard Time|MitsubishiE_TR|Mitsubishi Electric Turkey Fabrika Otomasyon Sistemleri, 15-18 Mart tarihlerinde #Tüyap #WinFair2018 fuarında. Sizi standımıza bekliyoruz.Online kayıt için:  http://www.win-eurasia.com/tr/ziyaretciler/online-kayit … #MitsubishiElectricTurkey #FactoryAutomation #FabrikaOtomasyonSistemleri pic.twitter.com/Z1m785IWqs|0|1|2|#Tüyap,#WinFair2018,#MitsubishiElectricTurkey,#FactoryAutomation,#FabrikaOtomasyonSistemleri
973444821032423425|2018-03-12|06:25:05|SE Asia Standard Time|stbusinessdesk|Summit Power inks pact with Mitsubishi for integrated LNG terminal, power project in Bangladesh  http://str.sg/oT5C |0|2|1|
973444266897825792|2018-03-12|06:22:53|SE Asia Standard Time|YegMitsu|"I added a video to a @YouTube playlist  http://youtu.be/1E3Wr2AoEho?a  You Are Still Alive. Act Like It. | Rudy Francisco"|0|0|0|
973443940660604928|2018-03-12|06:21:35|SE Asia Standard Time|BeHealthyInYour|Mitsubishi’s All-Wheel Drive Systems: More than Meets the Eye  http://automotiverhythms.com/mitsubishis-all-wheel-drive-systems-more-than-meets-the-eye/ …|0|1|2|
973443790600982529|2018-03-12|06:21:00|SE Asia Standard Time|beritabuanaco|New post (Mitsubishi Terus Kebut Keberadaan Diler di Seluruh Indonesia) has been published on  http://Beritabuana.co  -  http://beritabuana.co/2018/03/13/mitsubishi-terus-kebut-keberadaan-diler-di-seluruh-indonesia/ … pic.twitter.com/30YoYl4C3u|0|0|0|
973442954965766144|2018-03-12|06:17:40|SE Asia Standard Time|africargroup|Mitsubishi Pajero for sale CarYanga! Click here for more details...  https://fb.me/8pebL60L5 |0|0|0|
973442860170166272|2018-03-12|06:17:18|SE Asia Standard Time|carADbot|This is the ECLIPSE feel.(mitsubishi ecripse,1989)|0|0|0|
973441768904675328|2018-03-12|06:12:58|SE Asia Standard Time|djrevmoon|@mramsmeets DAF trucks in Eindhoven, Mitsubishi Almere|0|0|0|
973441732015616001|2018-03-12|06:12:49|SE Asia Standard Time|BusinessTimes|Summit Power inks pact with Mitsubishi for integrated LNG terminal, power project in Bangladesh  http://bt.sg/8GY |0|1|0|
973441586603454464|2018-03-12|06:12:14|SE Asia Standard Time|mandpeheartnach|Mitsubishi выпустит совершенно новый кроссовер|0|0|0|
973441561349406721|2018-03-12|06:12:08|SE Asia Standard Time|journorakesh|Summit Corp, #Mitsubishi and Diamond Gas International have signed an MoU for $3 billion integrated onshore 150 MMcfd #LNG terminal in #Bangladesh  https://summitpowerinternational.com/summit-power-international-signs-mou-mitsubishi-corporation-us3-billion-integrated-lng-terminal-and …|0|0|1|#Mitsubishi,#LNG,#Bangladesh
973440898800472064|2018-03-12|06:09:30|SE Asia Standard Time|Euro5Commonrail|Euro 5 Common Rail Offer - Denso CR Injector (Mitsubishi) Kit -  http://mailchi.mp/3dc61484dee6/euro-5-common-rail-offer-stanadyne-26387-solenoid-328449 …|0|0|0|
973440595623596032|2018-03-12|06:08:18|SE Asia Standard Time|grosir_knalpot_|Header Mitsubishi Mirage Pendek  https://grosirknalpot.com/header-mitsubishi-mirage-pendek/ …|0|0|0|
973440321756397568|2018-03-12|06:07:13|SE Asia Standard Time|SyazwanMajid91|makcik kau mitsubishi|0|0|0|
973440296557187072|2018-03-12|06:07:07|SE Asia Standard Time|japaninphotos|#Japan #Japantravel #travel Mitsubishi Estate Artium  http://tinyurl.com/yamt67g5  pic.twitter.com/O30UplJJV2|0|0|0|#Japan,#Japantravel,#travel
973440068051394566|2018-03-12|06:06:12|SE Asia Standard Time|quangtran2710|Phần mềm GT Works lập trình HMI Mitsubishi - Unlock Crack bẻ khóa Phá Password PLC HMI  http://unlockplc.com/2014/07/phan-mem-gt-works-lap-trinh-hmi-mitsubishi/ …|0|0|0|
973439867890921473|2018-03-12|06:05:24|SE Asia Standard Time|MIXTCARSERVICE|Watch “Насос АКПП Mitsubishi FD15NT (9271879)” on #Vimeo https://vimeo.com/259691286?ref=tw-share …|0|0|0|#Vimeo
973439376943280128|2018-03-12|06:03:27|SE Asia Standard Time|Colt_galant_gto|私のグレード名MRは「Mitsubishi Racing」を意味し、これ以降三菱の最上級スポーツモデル（三菱・GTOやランエボなど）に与えられる名称として受け継がれていった。|0|0|0|
973439100903743488|2018-03-12|06:02:21|SE Asia Standard Time|otodriver|Mendengar Komentar Pemilik Wuling Confero dan Mitsubishi Xpander  http://ift.tt/2ImxrYZ |0|0|1|
973439099645329409|2018-03-12|06:02:21|SE Asia Standard Time|mandpeheartnach|В компании Mitsubishi выпустят абсолютно новый кроссовер|0|0|0|
973438592428265472|2018-03-12|06:00:20|SE Asia Standard Time|prtimeru|«Балтийский лизинг» предлагает клиентам Mitsubishi L200 со скидкой 300 000 рублей /  http://www.prtime.ru/2018/03/12/baltiyskiy-lizing-predla.html …|0|0|0|
973438574770212864|2018-03-12|06:00:16|SE Asia Standard Time|OfficialRCTI|Kenyamanan berkendara dan kemewahan jadi hal pokok yang diimpikan keluarga. Kursi 7 penumpang yang luas semakin mencerminkan kenyamanan nomor satu yang hanya dimiliki Mitsubishi Xpander. Info selengkapnya ada di  http://MitsubisiXpander.com .|0|0|2|
973437930583752704|2018-03-12|05:57:42|SE Asia Standard Time|T30P_Video|➤ Toyota 4Runner & Mitsubishi Pajero Sport in Snow [Off-Road 4x4]. Чехлы, сумки, накидки:  https://extrememanufactor  http://video.t30p.ru/post.aspx?id=4e4a099c-a467-44fa-80e2-d8ca60ed3add …|0|0|0|
973437898669228033|2018-03-12|05:57:35|SE Asia Standard Time|mitsubishi_CM|三菱 ЯVR（初代）「うさぎの勝ちだ。」 pic.twitter.com/1b7mHluFSl|0|0|0|
973437666913071105|2018-03-12|05:56:40|SE Asia Standard Time|wrshaa_site|سؤال جديد فى موقع ورشة  http://wrshaa.com/questions/375 #Mitsubishi#صباح_الثلاثاء#مدينتي_الطايف_اجمل pic.twitter.com/gxhF7WVJWQ|0|1|1|#Mitsubishi,#صباح_الثلاثاء,#مدينتي_الطايف_اجمل
973437286351187968|2018-03-12|05:55:09|SE Asia Standard Time|kumparan|Mitsubishi: Fokus Kami ke Konsumen Bukan Mengalahkan Avanza  http://bit.ly/2Fw5UGM |0|0|2|
973437179996360704|2018-03-12|05:54:43|SE Asia Standard Time|CypinLtd|"MHI Thermal Systems Concludes Agreement with Beijer Ref to Collaborate in Air-Conditioning and Heat Pump Business in UK and Ireland | Mitsubishi Heavy Industries, Ltd. Global Website  http://www.mhi.com/news/story/1803132113.html#.WqdnoW37u5M.twitter …"|0|0|0|
973437138502127616|2018-03-12|05:54:34|SE Asia Standard Time|takekar_motors|There's no road that can't be taken!#TakekarMotors #TakekarMitsubishi #Mitsubishi #Pajerosport pic.twitter.com/5F7mq8V0uZ|0|0|0|#TakekarMotors,#TakekarMitsubishi,#Mitsubishi,#Pajerosport
973437021178945536|2018-03-12|05:54:06|SE Asia Standard Time|sakino_haka|Mitsubishi aims to sell more than 1,000 of its small regional jets in 20 years  https://www.bloomberg.com/news/articles/2018-02-07/mitsubishi-aims-to-sell-more-than-1-000-mrj-planes-in-20-years …|0|0|0|
973436742031175680|2018-03-12|05:52:59|SE Asia Standard Time|mitsubishi_jeep|辻本やべぇなw w https://twitter.com/samuraiari/status/973403329664397312 …|0|0|1|
973436353785540609|2018-03-12|05:51:26|SE Asia Standard Time|NasirovSaleh|Дорогие пользователи и владельцы автомобиля Mitsubishi #OutlanderПрошу написать минусы и плюсы этой тачки. На...  https://fb.me/4YVlIV2dv |0|0|0|#OutlanderПрошу
973435685788110848|2018-03-12|05:48:47|SE Asia Standard Time|autotech_mitsu|Pajero Sport’s Safety & Security FeaturesThe SRS (Supplemental Restrained System) Airbag system is designed to supplement the seat belt system and improve occupant protection#AutotechSolutions #AutotechMitsubishi #Mitsubishi #Pajerosport pic.twitter.com/OYk2HBp416|0|0|0|#AutotechSolutions,#AutotechMitsubishi,#Mitsubishi,#Pajerosport
973435677483335682|2018-03-12|05:48:45|SE Asia Standard Time|caretainfo|Новый пост на Карете!В Россию приедет обновленный Mitsubishi Outlander http://careta.info/v-rossiyu-priedet-obnovlennyiy-mitsubishi-outlander/ …|0|0|0|
973435667878354946|2018-03-12|05:48:43|SE Asia Standard Time|mitsubishi_jeep|今日のお昼は豚丼チャーハンで有名な豊頃町のいしだです、大盛りで550円、玉ねぎ入りでくそうめぇ pic.twitter.com/oCcbfyc8tm|1|1|6|
973435651189297153|2018-03-12|05:48:39|SE Asia Standard Time|MikeMaskrey|A Japanese Mitsubishi zero caught in the gun camera of a RN F4U Corsair  pic.twitter.com/wGgxj1NgDv|0|0|0|
973435413103874048|2018-03-12|05:47:42|SE Asia Standard Time|onlyjapan_|#Japan #Japantravel #travel Mitsubishi Estate Artium  http://bit.ly/2HtHMkE  pic.twitter.com/No7g1oSxa4|0|0|0|#Japan,#Japantravel,#travel
973434877738561536|2018-03-12|05:45:35|SE Asia Standard Time|MitsubishiBdg|Penjualan Mitsubishi Fuso Indonesia Naik Target  http://dlvr.it/QKp6rx |0|0|0|
973434609076600832|2018-03-12|05:44:31|SE Asia Standard Time|Mitsubishi_beta|Total System Care License Key Free Download -  http://go.shr.lc/2s3GqIQ  via @Shareaholic|0|0|0|
973434470538690560|2018-03-12|05:43:57|SE Asia Standard Time|Mitsubishi_beta|Total System Care License Key Free Download 2018  https://licensekeys.org/total-system-care-license-key/ …|0|0|0|
973434205186285568|2018-03-12|05:42:54|SE Asia Standard Time|hkcaraudio|Oem Replacement Mitsubishi Pajero Sport Change Front Speaker Using After Market Brand Crescendo…  https://www.instagram.com/p/BgQIe06F753/ |0|0|0|
973434107949498368|2018-03-12|05:42:31|SE Asia Standard Time|carvaganza|Mitsubishi Resmikan Dealer ke-112 di Banyuwangi...  pic.twitter.com/8iYRuPGpUB|0|0|0|
973433926525030400|2018-03-12|05:41:48|SE Asia Standard Time|HashVirals|Mitsubishi Heavy : L’entraînement mécanique de la turbine à gaz H-100 équipée du système de combustion à faible émission de NOx reçoit la qualification mécanique complète de Shell  https://hashvirals.com/mitsubishi-heavy-lentrainement-mecanique-de-la-turbine-a-gaz-h-100-equipee-du-systeme-de-combustion-a-faible-emission-de-nox-recoit-la-qualification-mecanique-complete-de-shell/ … pic.twitter.com/Ovn7Paz5Hu|0|0|0|
973433696681320448|2018-03-12|05:40:53|SE Asia Standard Time|puttasudheer|@JaiTDP @manukiranrvs All the automation works done by my previous company only !! Mitsubishi india Pvt ltd !! We saw the hardwork of @ncbn @DevineniUma there !! CAG only praises Ap government in thr next meeting !! You wont see those news !! Pity you|1|0|0|
973433652485832704|2018-03-12|05:40:42|SE Asia Standard Time|jobthaidd|ใครว่าเครื่อง 1,200 ไม่แรง ทดสอบความแรง Mitsubishi Attrage:|0|0|0|
973433395891105794|2018-03-12|05:39:41|SE Asia Standard Time|984inthemorning|Do you drive a Mitsubishi, Fuso, BMW, Renault or Mahindra?  pic.twitter.com/L9u6xlyFCw|2|1|1|
973432772852375553|2018-03-12|05:37:13|SE Asia Standard Time|soymiguelandres|Primero el @Mitsubishi_ES #montero y luego. Cual vendrá |0|0|0|#montero
973432768771297280|2018-03-12|05:37:12|SE Asia Standard Time|StylebodyStyle|Новость Mitsubishi может выпустить ещё один кроссовер опубликовано на Читать Прессу -  https://readpress.ru/mitsubishi-mozhet-vypustit-eshhyo-odin-krossover/ … pic.twitter.com/taiSJvXTFq|0|0|0|
973432766162337792|2018-03-12|05:37:11|SE Asia Standard Time|WestCoastSac|2016 #Mitsubishi #Outlander SEL 1 Owner & 3RD & Gas Saver for sale in SACRAMENTO, CA #MitsubishiOutlander #SACRAMENTO  https://goo.gl/cbzRmx |0|0|0|#Mitsubishi,#Outlander,#MitsubishiOutlander,#SACRAMENTO
973432354088869888|2018-03-12|05:35:33|SE Asia Standard Time|jual_mobil_baru|XPANDER RAJAI SEGMENT LMPV BULAN FEBRUARI 2018 - Taufiq Mitsubishi Surabaya  https://lnkd.in/fZUThpb |0|0|0|
973431353386643456|2018-03-12|05:31:34|SE Asia Standard Time|DudungPretCom|Dealer Resmi Mitsubishi Kini Sudah Ada di Banyuwangi  http://www.dudungpret.com/dealer-resmi-mitsubishi-kini-sudah-ada-di-banyuwangi/ … pic.twitter.com/sOoE1Ct1iE|0|0|0|
973431094489026560|2018-03-12|05:30:33|SE Asia Standard Time|hatankagekine|Con una reputación de ser divertido de conducir y la tecnología avanzada, el coche deportivo Eclipse fue uno de los más vendido de Mitsubishi y vehículos icónicos de la historia. Ahora, el apodo de Eclipse está haciendo su reapa ... #ControladorEthernetRealtek|0|0|0|#ControladorEthernetRealtek
973431092144476161|2018-03-12|05:30:32|SE Asia Standard Time|hatankagekine|2018 Mitsubishi Eclipse cruz comenzará a solo $ 295 23 de la prensa Realtek Ethernet Driver LASCO -  http://bit.ly/2tHrFOh |0|0|0|
973430976515686400|2018-03-12|05:30:04|SE Asia Standard Time|responsejp|三菱ふそう×新明和、eキャンター ごみ収集車を共同開発へ https://response.jp/article/2018/03/13/307160.html?utm_source=twitter&utm_medium=social …#三菱 #mitsubishi|0|9|13|#三菱,#mitsubishi
973429874676285440|2018-03-12|05:25:42|SE Asia Standard Time|acesofthesky|wtf happened to mitsubishi :'(|1|0|1|
973429718992093185|2018-03-12|05:25:05|SE Asia Standard Time|AyoKeBanyuwangi|Virus Xpander Sampai ke Ujung Pulau Jawa: Banyuwangi,  http://KOMPAS.com  - Mitsubishi Xpander makin menunjukan eksistensinya sejak pertama kali diluncurkan tahun lalu. Bahkan di pencapaian Februari 2018, Xpander akhirnya sukses menumbangkan dominasi…  http://dlvr.it/QKp3FJ |0|0|0|
973429713006809088|2018-03-12|05:25:03|SE Asia Standard Time|KotaGenteng|Virus Xpander Sampai ke Ujung Pulau Jawa: Banyuwangi,  http://KOMPAS.com  - Mitsubishi Xpander makin menunjukan eksistensinya sejak pertama kali diluncurkan tahun lalu. Bahkan di pencapaian Februari 2018, Xpander akhirnya sukses menumbangkan dominasi…  http://dlvr.it/QKp38c |0|0|0|
973429706711289856|2018-03-12|05:25:02|SE Asia Standard Time|uscarsforsale|For sale -> 2008 #Mitsubishi #Evolution in #SantaFe, NM   http://www.tweetauto.com/viewcar/JA3AW86V38U049572-2008-mitsubishi-evolution.php …|0|0|0|#Mitsubishi,#Evolution,#SantaFe
973429469988847616|2018-03-12|05:24:05|SE Asia Standard Time|dirty_links|Mitsubishi resmikan diler kendaraan penumpang pertama di Banyuwangi  https://www.merdeka.com/otomotif/mitsubishi-resmikan-diler-kendaraan-penumpang-pertama-di-banyuwangi.html?utm_source=dlvr.it&utm_medium=twitter … pic.twitter.com/Zc1w7YLPrD|0|0|0|
973429323586785280|2018-03-12|05:23:30|SE Asia Standard Time|Lederlux|@Lederlux #Repost via classic_hardyMITSUBISHI Xpander white @lederlux primo@lederlux…  https://www.instagram.com/p/BgQGQ01B4mc/ |0|0|0|#Repost
973429055121862656|2018-03-12|05:22:26|SE Asia Standard Time|Sabzeero|I liked a @YouTube video  http://youtu.be/mB8ZKoQFfOI?a  I BOUGHT A MITSUBISHI EVO X|0|0|0|
973428557073362944|2018-03-12|05:20:28|SE Asia Standard Time|tuchkinal|Продажи Mitsubishi в кредит в феврале выросли в 3 раза #followme #пермь|0|0|0|#followme,#пермь
973428161563254784|2018-03-12|05:18:53|SE Asia Standard Time|ZonaCoches|Mitsubishi podría recuperar la denominación Colt con base Clio para 2020  https://goo.gl/MM5q4R |0|0|0|
973427735639896064|2018-03-12|05:17:12|SE Asia Standard Time|jHoSeLiNgB|@KiaMotorsMexico Les encanto conocerme??? Llevo días y varios intentos buscando que me contactarán y nada!! Ya mejor me rendí y mande correo a Mitsubishi y a la hora me llamaron, en un día me resolvieron y ya me decidí... ni hablar...  pic.twitter.com/9vbDkAQTLA|0|0|0|
973427493502902272|2018-03-12|05:16:14|SE Asia Standard Time|MitsubishiG| https://fb.me/STHPCeqE |0|0|0|
973427474532061185|2018-03-12|05:16:09|SE Asia Standard Time|Evorussmi| http://evo-rus.com/wp-content/uploads/2017/12/Snimok-ekrana-2017-12-16-v-8.19.33.png …Житель Читы угнал Mitsubishi свой супруги - ...  pic.twitter.com/o4Md3z9ZMt|0|0|0|
973427423206301696|2018-03-12|05:15:57|SE Asia Standard Time|InformasiBWI|Mitsubishi resmikan diler kendaraan penumpang pertama di Banyuwangi  http://dlvr.it/QKp1cw  #banyuwangi pic.twitter.com/2h0sqb9iqT|0|1|2|#banyuwangi
973427347453030400|2018-03-12|05:15:39|SE Asia Standard Time|otogadgets|Setelah Merajai Hingga 14 Tahun, Toyota Avanza Harus Turun Tahta Di Gantikan Mitsubishi Xpander  http://mobilkomersial.com/2018/03/setelah-merajai-hingga-14-tahun-toyota-avanza-harus-turun-tahta-di-gantikan-mitsubishi-xpander/ … pic.twitter.com/G6CtEGHhDJ|0|0|0|
973427296240635904|2018-03-12|05:15:27|SE Asia Standard Time|oto_berita|Setelah Merajai Hingga 14 Tahun, Toyota Avanza Harus Turun Tahta Di Gantikan Mitsubishi Xpander  http://mobilkomersial.com/2018/03/setelah-merajai-hingga-14-tahun-toyota-avanza-harus-turun-tahta-di-gantikan-mitsubishi-xpander/ … pic.twitter.com/CRkwOsaA3f|0|0|0|
973427292524310529|2018-03-12|05:15:26|SE Asia Standard Time|DapurPacu|Dealer Resmi Mitsubishi Kini Sudah Ada di Banyuwangi  https://dapurpacu.com/368393/dealer-resmi-mitsubishi-kini-sudah-ada-di-banyuwangi/ … pic.twitter.com/XJnXBz3Gt3|0|0|2|
973427282231676928|2018-03-12|05:15:24|SE Asia Standard Time|otomotif_girl|Setelah Merajai Hingga 14 Tahun, Toyota Avanza Harus Turun Tahta Di Gantikan Mitsubishi Xpander  http://mobilkomersial.com/2018/03/setelah-merajai-hingga-14-tahun-toyota-avanza-harus-turun-tahta-di-gantikan-mitsubishi-xpander/ … pic.twitter.com/qQKkzmSt5Y|0|0|0|
973427272584761344|2018-03-12|05:15:21|SE Asia Standard Time|Handhika24|Setelah Merajai Hingga 14 Tahun, Toyota Avanza Harus Turun Tahta Di Gantikan Mitsubishi Xpander  http://mobilkomersial.com/2018/03/setelah-merajai-hingga-14-tahun-toyota-avanza-harus-turun-tahta-di-gantikan-mitsubishi-xpander/ … pic.twitter.com/WrKF9q6Ass|0|0|0|
973427260911947776|2018-03-12|05:15:19|SE Asia Standard Time|mobilkomersial|Setelah Merajai Hingga 14 Tahun, Toyota Avanza Harus Turun Tahta Di Gantikan Mitsubishi Xpander  http://mobilkomersial.com/2018/03/setelah-merajai-hingga-14-tahun-toyota-avanza-harus-turun-tahta-di-gantikan-mitsubishi-xpander/ … pic.twitter.com/8ZLCBwAC6G|0|0|0|
973426029673893888|2018-03-12|05:10:25|SE Asia Standard Time|autosdotid|Diler Baru Mitsubishi Siapkan Layanan Terbaik untuk Masyarakat Banyuwangi -  https://www.autos.id/2018/03/13/diler-baru-mitsubishi-siapkan-layanan-terbaik-untuk-masyarakat-banyuwangi/ … pic.twitter.com/xMW2mMfDDp|0|0|0|
973425259889217537|2018-03-12|05:07:21|SE Asia Standard Time|OtomotifBdg|Penjualan Mitsubishi Fuso Indonesia Naik Target  https://lnkd.in/ffVivQw |0|0|0|
973425134093574144|2018-03-12|05:06:51|SE Asia Standard Time|666gothgod|Reminds me of being a teenager. #BMSR https://itunes.apple.com/us/album/i-think-it-is-beautiful-that-you-are-256-colors-too/1043925900?i=1043926086 …|0|0|1|#BMSR
973424461570609152|2018-03-12|05:04:11|SE Asia Standard Time|kantinetli|на Mitsubishi Outlander XL, ГБО Landi Renzo. Газ на Митсубиши Аутлендер.   https://youtu.be/sXSUH3vKq_Y  ГБО|0|0|0|
973424206951174145|2018-03-12|05:03:10|SE Asia Standard Time|VTG_Biz_Group|Mitsubishi Heavy: la turbina de gas H-100 y el sistema de quema  http://www.businesswire.com/news/home/20180312006324/es/?feedref=JjAwJuNHiystnCoBq_hl-Q-tiwWZwkcswR1UZtV7eGe24xL9TZOyQUMS3J72mJlQ7fxFuNFTHSunhvli30RlBNXya2izy9YOgHlBiZQk2LOzmn6JePCpHPCiYGaEx4DL1Rq8pNwkf3AarimpDzQGuQ== …|0|0|0|
973423569085464576|2018-03-12|05:00:38|SE Asia Standard Time|skyline_r33_|ROAD to Elegant.MITSUBISHI ROADEST Series|0|0|0|
973423429981523968|2018-03-12|05:00:05|SE Asia Standard Time|jual_mobil_baru|Mitsubishi Mitsubishi Tangerang: Promo dan Harga Mobil Mitsubishi 2018  https://lnkd.in/fGdBCAD |0|0|0|
973423428156862464|2018-03-12|05:00:05|SE Asia Standard Time|jual_mobil_baru|Dapatkan informasinya disini Promo Menarik Pembelian Mobil Mitsubishi Tangerang, Jabodetabek, Telepon: 0812-1350-8136 dari Sales Dealer PT.Srikandi Diamond Motors.  https://www.jualmobilbaru.com/salesmobil/ajun-mitsubishi-tangerang …|0|0|0|
973423286846672897|2018-03-12|04:59:31|SE Asia Standard Time|jual_mobil_baru|MARET PAKET DP RINGAN MITSUBISHI TANGERANG - Mitsubishi Mitsubishi Tangerang  https://lnkd.in/frw7X9A |0|0|0|
973423284560674817|2018-03-12|04:59:31|SE Asia Standard Time|jual_mobil_baru|MARET PAKET DP RINGAN MITSUBISHI TANGERANG  https://www.jualmobilbaru.com/blogsales/d/maret--paket-dp-ringan-mitsubishi-tangerangoDeba4tbyb …|0|0|0|
973422805327859715|2018-03-12|04:57:36|SE Asia Standard Time|USoverview|Mitsubishi Motors to close Illinois plant, find buyer - Manufacturing News - Crain's Chicago Business  http://ref.gl/l8ivbSXU |0|0|0|
973422799770468352|2018-03-12|04:57:35|SE Asia Standard Time|mitsubishi_CM|三菱 ランサーエボリューションX 「その進化は、一瞬で時代を抜き去る。」 pic.twitter.com/E5DZ3nO3Cz|0|1|1|
973422781395275776|2018-03-12|04:57:31|SE Asia Standard Time|frugalmaniac|#modify your #mitsubishi #horsepower Eclipse #follow  http://www.frugalmaniacsuperdeals.com/Mitsubishi.html |0|0|0|#modify,#mitsubishi,#horsepower,#follow
973422457070632965|2018-03-12|04:56:13|SE Asia Standard Time|Efril_Shop|Dompet sntk gantungan kunci mobil Mitsubishi  https://www.bukalapak.com/p/mobil-part-dan-aksesoris/aksesoris-mobil/aksesoris-interior/9ncqxe-jual-dompet-sntk-gantungan-kunci-mobil-mitsubishi?utm_source=twitter&utm_medium=bukalapakpageshare&utm_term=mobil-part-dan-aksesoris&utm_campaign=productshare …|0|0|0|
973422387659120640|2018-03-12|04:55:57|SE Asia Standard Time|Efril_Shop|Dompet gantungan kunci Mitsubishi  https://www.bukalapak.com/p/mobil-part-dan-aksesoris/aksesoris-mobil/aksesoris-interior/9a8a55-jual-dompet-gantungan-kunci-mitsubishi?utm_source=twitter&utm_medium=bukalapakpageshare&utm_term=mobil-part-dan-aksesoris&utm_campaign=productshare …|0|0|0|
973422374493216768|2018-03-12|04:55:54|SE Asia Standard Time|curacars|Mitsubishi ASX 2011 Nafl. 26900 Meer Details  https://goo.gl/fb/8iotPA |0|0|0|
973422228359581696|2018-03-12|04:55:19|SE Asia Standard Time|AbbarMitsubishi|صبحكم الله بالخير جميعا pic.twitter.com/QJmcSOGb6v|1|0|0|
973422055788986369|2018-03-12|04:54:38|SE Asia Standard Time|HotlineCrisis|Mitsubishi Motors to close Illinois plant, find buyer - Manufacturing News - Crain's Chicago Business  http://ref.gl/l8ivbSXU |0|0|0|
973422012055080961|2018-03-12|04:54:27|SE Asia Standard Time|curacars|Mitsubishi ASX (2011)  https://fb.me/22h0G40uD |0|0|0|
973420681856798720|2018-03-12|04:49:10|SE Asia Standard Time|capipaula182|Mitsubishi Galant EA0 Station Wagon V6 (Tüv bis 04 18) #Mitsubishi  http://bit.ly/2FCxKgH  Mitsubishi Galant EA0  pic.twitter.com/UlmryJhrrY|0|0|0|#Mitsubishi
973420191379017734|2018-03-12|04:47:13|SE Asia Standard Time|GTonzano|Se eu estivesse dentro do carro eu ficava tranquilo seria praticamente uma sensação do Burnout da NASCAR e ainda mais que a garota usa uma camiseta da Mitsubishi #FoxNitro|0|0|0|#FoxNitro
973419873102528512|2018-03-12|04:45:57|SE Asia Standard Time|ZeRoMMX|Mitsubishi Electric podría cancelar sus planes de expansión en México por culpa del TLC  http://motorpasion.com.mx/p/24418 |0|0|0|
973419232829599744|2018-03-12|04:43:25|SE Asia Standard Time|KenyanTraffic|07:43 2011 (11) - Mitsubishi Lancer 2.0 RALLIART GS ATUO 4X4 Auto 5-Door2.0L petrol semiautomatic transmission Mileage >> 63507Price CIF = £14950  pic.twitter.com/tObqip4Mc4  via @equatormotorsuk|0|0|0|
973418886048526336|2018-03-12|04:42:02|SE Asia Standard Time|24digitalcamera|Mitsubishi может выпустить ещё один кроссовер: Японская компания Mitsubishi, которая с 2017 года присоединилась к альянсу Renault-Nissan…|0|0|0|
973418781123883010|2018-03-12|04:41:37|SE Asia Standard Time|equatormotorsuk|2011 (11) - Mitsubishi Lancer 2.0 RALLIART GS ATUO 4X4 Auto 5-Door2.0L petrol semiautomatic transmission @KenyanTrafficMileage >> 63507Price CIF = £14950 pic.twitter.com/wAz8uQ7QzN|0|0|1|
973418550147862528|2018-03-12|04:40:42|SE Asia Standard Time|HashVirals|Mitsubishi Heavy: la turbina de gas H-100 y el sistema de quemadores de bajo NOx reciben la calificación de tracción mecánica completa de Shell  https://hashvirals.com/mitsubishi-heavy-la-turbina-de-gas-h-100-y-el-sistema-de-quemadores-de-bajo-nox-reciben-la-calificacion-de-traccion-mecanica-completa-de-shell/ … pic.twitter.com/sPj2duR2JI|0|0|0|
973418393679183872|2018-03-12|04:40:04|SE Asia Standard Time|kontanonline|Mitsubishi resmikan diler kendaraan penumpang Ke-112  http://industri.kontan.co.id/news/mitsubishi-resmikan-diler-kendaraan-penumpang-ke-112 … #OTOMOTIF|0|0|0|#OTOMOTIF
973417798243356672|2018-03-12|04:37:42|SE Asia Standard Time|nickyllos|The lie is not detected. https://twitter.com/fioridaprojects/status/972938478118940673 …|0|0|0|
973417143101374464|2018-03-12|04:35:06|SE Asia Standard Time|KelanaSimpony|Mitsubishi Xpander Rajai Segmen LMPV di Februari 2018!  http://dlvr.it/QKntwl  pic.twitter.com/Qaq6XVx2ig|0|0|0|
973417116186460160|2018-03-12|04:35:00|SE Asia Standard Time|nickyllos|I can’t stop thinking about how many emo/punk men I saw at the West Seneca Wegmans today. It was shocking. 2009 emo looks live in suburban buffalo.|0|0|0|
973416428337430528|2018-03-12|04:32:16|SE Asia Standard Time|Efril_Shop|Dompet gantungan kunci mobil logo Mitsubishi  https://www.bukalapak.com/p/mobil-part-dan-aksesoris/aksesoris-mobil/aksesoris-interior/8tyinz-jual-dompet-gantungan-kunci-mobil-logo-mitsubishi?utm_source=twitter&utm_medium=bukalapakpageshare&utm_term=mobil-part-dan-aksesoris&utm_campaign=productshare …|0|0|0|
973415907748855808|2018-03-12|04:30:12|SE Asia Standard Time|KontanNews|Mitsubishi resmikan diler kendaraan penumpang Ke-112  http://industri.kontan.co.id/news/mitsubishi-resmikan-diler-kendaraan-penumpang-ke-112 … #OTOMOTIF|0|0|0|#OTOMOTIF
973415558271176705|2018-03-12|04:28:48|SE Asia Standard Time|Bk0OHc213aiEuh7|ДИЗЕЛЬНЫЙ ПОГРУЗЧИК БУ Mitsubishi 1,5 т. FD15NT ( ПСМ, состояние идеальное)Митсубиши…  https://www.instagram.com/p/BgQAAAQA1y1/ |0|0|0|
973415132071002112|2018-03-12|04:27:07|SE Asia Standard Time|BW_Multimedia|Mitsubishi Heavy: la turbina de gas H-100 y el sistema de quemadores de bajo NOx reciben la calificación de tracción mecánica completa de Shell  http://dlvr.it/QKnsrQ  pic.twitter.com/DUOVqZLGv0|0|0|0|
973415131731259397|2018-03-12|04:27:07|SE Asia Standard Time|BW_Technology|Mitsubishi Heavy: la turbina de gas H-100 y el sistema de quemadores de bajo NOx reciben la calificación de tracción mecánica completa de Shell  http://dlvr.it/QKnsrh  pic.twitter.com/G9GLESCa56|0|0|0|
973415129122455553|2018-03-12|04:27:06|SE Asia Standard Time|BW_Manufacturin|Mitsubishi Heavy: la turbina de gas H-100 y el sistema de quemadores de bajo NOx reciben la calificación de tracción mecánica completa de Shell  http://dlvr.it/QKnsrX  pic.twitter.com/sVbTIVLQCf|0|0|0|
973415123581730817|2018-03-12|04:27:05|SE Asia Standard Time|BW_ProdServ|Mitsubishi Heavy: la turbina de gas H-100 y el sistema de quemadores de bajo NOx reciben la calificación de tracción mecánica completa de Shell  http://dlvr.it/QKnst3 |0|0|0|
973414985597464576|2018-03-12|04:26:32|SE Asia Standard Time|military_bot|Mitsubishi F-1  http://flic.kr/p/awTo5a  　零式水上観測機をバックに記念撮影するパイロットと現地住民達です。|0|0|4|
973414875417403392|2018-03-12|04:26:06|SE Asia Standard Time|xEskox|I liked a @YouTube video  http://youtu.be/mZQ_b9Ygblk?a  Mitsubishi Wonderland|0|0|0|
973414754499796998|2018-03-12|04:25:37|SE Asia Standard Time|hdtjcdgjbdseyi|I liked a @YouTube video  http://youtu.be/mB8ZKoQFfOI?a  I BOUGHT A MITSUBISHI EVO X|0|0|0|
973414591270039552|2018-03-12|04:24:58|SE Asia Standard Time|Efril_Shop|"@tokopedia Jual Dompet Stnk gantungan kunci mobil Mitsubishi - Efril shop | Tokopedia  https://tokopedia.link/lpskQ1n9eL  #DompetStnkgantungankuncimobilMitsubishi #Tokopedia lewat @Tokopedia"|0|0|0|#DompetStnkgantungankuncimobilMitsubishi,#Tokopedia
973414513025236992|2018-03-12|04:24:39|SE Asia Standard Time|AudiopediaNet|Double Din OEM Mitsubishi Xpander -FR...  https://www.bukalapak.com/p/mobil-part-dan-aksesoris/audio-mobil/head-unit/fw8nn2-jual-double-din-oem-mitsubishi-xpander-free-kamera-mundur-led?utm_source=twitter&utm_medium=sharelapak&utm_campaign=socmed …|0|0|0|
973414474106523650|2018-03-12|04:24:30|SE Asia Standard Time|birry_olshop|Selimut Motor Mitsubishi Out Landerkondisi :100% baruJenis : Small MpvModel : 3 GarisQuality…  https://www.instagram.com/p/BgP_gkLAvky/ |0|0|0|
973413779085058049|2018-03-12|04:21:44|SE Asia Standard Time|BW_Energy|Mitsubishi Heavy: la turbina de gas H-100 y el sistema de quemadores de bajo NOx reciben la calificación de tracción mecánica completa de Shell  http://dlvr.it/QKnrws  pic.twitter.com/w0AO7r6ljG|0|0|0|
973413737691537409|2018-03-12|04:21:34|SE Asia Standard Time|SummitBD|Summit Power International Signs Mou With Mitsubishi Corporation For Up To USD$3 Billion Integrated LNG Terminal...  https://fb.me/OtE0HDfy |0|0|1|
973413366847844352|2018-03-12|04:20:06|SE Asia Standard Time|AyoKeBanyuwangi|Mitsubishi Simpan Asa di Kota Matahari Terbit: Banyuwangi,  http://KOMPAS.com  - Banyuwangi, kota yang berjuluk the Sun Rise of Java atau kota matahari terbit di Pulau Jawa ini menyimpan beragam potensi investasi. Pariwisata menjadi jagoan utama…  http://dlvr.it/QKnrdM |0|0|0|
973413362615791617|2018-03-12|04:20:05|SE Asia Standard Time|KotaGenteng|Mitsubishi Simpan Asa di Kota Matahari Terbit: Banyuwangi,  http://KOMPAS.com  - Banyuwangi, kota yang berjuluk the Sun Rise of Java atau kota matahari terbit di Pulau Jawa ini menyimpan beragam potensi investasi. Pariwisata menjadi jagoan utama…  http://dlvr.it/QKnrYD |0|0|0|
973412952136183808|2018-03-12|04:18:27|SE Asia Standard Time|GoodBanque|Mitsubishi Heavy : L’entraînement mécanique de la turbine à gaz H-100 équipée du système de combustion à faible émission de NOx reçoit la qualification mécanique complète de Shell  https://goodbanque.com/actualite-entreprises/mitsubishi-heavy-lentrainement-mecanique-de-la-turbine-a-gaz-h-100-equipee-du-systeme-de-combustion-a-faible-emission-de-nox-recoit-la-qualification-mecanique-complete-de-shell/24648/ … pic.twitter.com/2bMW2gQ4HN|0|0|0|
973412884008046592|2018-03-12|04:18:11|SE Asia Standard Time|NESpayne|First timing working on a Mitsubishi Evolution engine. Should make around 700awhp on race gas. I think I prefer my boxer engines but these aren’t that bad  pic.twitter.com/DW4PMXMioP|0|0|1|
973412540964155393|2018-03-12|04:16:49|SE Asia Standard Time|MITSUBISHIinfom| http://ASCII.jp  三菱東京UFJ銀行が採用したKofax、国内の事業戦略を披露  http://ASCII.jp  国内では、前述した三菱東京UFJ銀行がKofaxを用いたRPAのグローバル展開を進めている…  https://goo.gl/fb/rqTRpp  #mitsubishi #三菱|0|0|0|#mitsubishi,#三菱
973412533603307520|2018-03-12|04:16:47|SE Asia Standard Time|AutoWort|"Youtuber Simon Motorsport: Mitsubishi Lancer Evo 9 |  Leistungsmessung | SimonMotorSport | #397  http://ift.tt/2tGGPn5 "|0|0|0|#397
973412177091670016|2018-03-12|04:15:22|SE Asia Standard Time|BorisKoltunovsk|Mitsubishi Lancer вылетел на аллею в центре Барнаула после аварии  http://www.amic.ru/news/409233/ |0|0|0|
973412057805676544|2018-03-12|04:14:54|SE Asia Standard Time|Evoversity|"What is this kit called ""open fenders"" ?■●■●■●■●■●@#evo #mitsubishi #evo9 #evolution#jdm…  https://www.instagram.com/p/BgP91xElaDw/ "|0|0|0|#evo,#mitsubishi,#evo9,#evolution,#jdm
973411415154311169|2018-03-12|04:12:21|SE Asia Standard Time|superduperjohn_|I liked a @YouTube video  http://youtu.be/mB8ZKoQFfOI?a  I BOUGHT A MITSUBISHI EVO X|0|0|0|
973411367506989056|2018-03-12|04:12:09|SE Asia Standard Time|SodrusM|Kalau mau mengubah UU kita harus berpolitik...karena DPR lah yg bisa mengubah UU...|0|0|0|
973411349773533186|2018-03-12|04:12:05|SE Asia Standard Time|BW_Espanol|Mitsubishi Heavy: la turbina de gas H-100 y el sistema de quemadores de bajo NOx reciben la calificación de tracción mecánica completa de Shell  http://dlvr.it/QKnq94  pic.twitter.com/k0KStqT3JI|0|0|0|
973411170718748672|2018-03-12|04:11:22|SE Asia Standard Time|AgyaClubIndo|Mitsubishi Xpander Rajai Segmen LMPV di Februari 2018!  pic.twitter.com/KerYmfTU8d|0|0|0|
973410788718161920|2018-03-12|04:09:51|SE Asia Standard Time|MITSUBISHINews2| http://ASCII.jp  三菱東京UFJ銀行が採用したKofax、国内の事業戦略を披露  http://ASCII.jp  国内では、前述した三菱東京UFJ銀行がKofaxを用いたRPAのグローバル展開を進めている。もともと同社がRPAのPoCを始めたの…  https://goo.gl/fb/21wPoG |0|0|0|
973410754287173632|2018-03-12|04:09:43|SE Asia Standard Time|BW_Multimedia|Mitsubishi Heavy: H-100 Gas Turbine & Low NOx Combustion System ontvangt kwalificatie voor volledige mechanische aandrijving van Shell  http://dlvr.it/QKnpp2  pic.twitter.com/gbx1TdS0un|0|0|0|
973410747962175488|2018-03-12|04:09:42|SE Asia Standard Time|BW_Multimedia|Mitsubishi Heavy : L'entraînement mécanique de la turbine à gaz H-100 équipée du système de combustion à faible émission de NOx reçoit la qualification mécanique complète de Shell  http://dlvr.it/QKnpnp  pic.twitter.com/veyhJVGW9z|0|0|0|
973410737082306560|2018-03-12|04:09:39|SE Asia Standard Time|BW_Technology|Mitsubishi Heavy: H-100 Gas Turbine & Low NOx Combustion System ontvangt kwalificatie voor volledige mechanische aandrijving van Shell  http://dlvr.it/QKnpn4  pic.twitter.com/v5B4iy4MhV|0|0|0|
973410730849402881|2018-03-12|04:09:37|SE Asia Standard Time|BW_Technology|Mitsubishi Heavy : L'entraînement mécanique de la turbine à gaz H-100 équipée du système de combustion à faible émission de NOx reçoit la qualification mécanique complète de Shell  http://dlvr.it/QKnpmR  pic.twitter.com/JG5p4mGr7Y|0|0|0|
973410723941335041|2018-03-12|04:09:36|SE Asia Standard Time|BW_Manufacturin|Mitsubishi Heavy: H-100 Gas Turbine & Low NOx Combustion System ontvangt kwalificatie voor volledige mechanische aandrijving van Shell  http://dlvr.it/QKnpm3  pic.twitter.com/SLAOdBOxTY|0|0|0|
973410720921534465|2018-03-12|04:09:35|SE Asia Standard Time|BW_ProdServ|Mitsubishi Heavy: H-100 Gas Turbine & Low NOx Combustion System ontvangt kwalificatie voor volledige mechanische aandrijving van Shell  http://dlvr.it/QKnpm1 |0|0|0|
973410719298285568|2018-03-12|04:09:35|SE Asia Standard Time|BW_ProdServ|Mitsubishi Heavy : L'entraînement mécanique de la turbine à gaz H-100 équipée du système de combustion à faible émission de NOx reçoit la qualification mécanique complète de Shell  http://dlvr.it/QKnplp |0|0|0|
973410719025676288|2018-03-12|04:09:35|SE Asia Standard Time|BW_Manufacturin|Mitsubishi Heavy : L'entraînement mécanique de la turbine à gaz H-100 équipée du système de combustion à faible émission de NOx reçoit la qualification mécanique complète de Shell  http://dlvr.it/QKnpln  pic.twitter.com/rFdT0Vjjxn|0|0|0|
973409871340154880|2018-03-12|04:06:13|SE Asia Standard Time|AutonetMagz|Mitsubishi Xpander Rajai Segmen LMPV di Februari 2018!  https://autonetmagz.com/mitsubishi-xpander-rajai-segmen-lmpv-di-februari-2018/66665/ … pic.twitter.com/Znr6NSY1Ko|0|2|1|
973409554493980672|2018-03-12|04:04:57|SE Asia Standard Time|kungzapf|ว่าจะซื้อพัดลมตัวใหม่ Mitsubishi ตัวที่บ้านคอหัก+เสียงดังมากกกกกกกกพอไปดูวันผลิต อายุนาง18ปีได้ แต่คือยังใช้ได้อยู่นะ ลมยังแรงอยู่เลย |0|0|0|
973409270736670720|2018-03-12|04:03:49|SE Asia Standard Time|Mitsubishi_ID|@yopkb1976 Selamat pagi, Pak Yohanes. Silahkan cek message dari kami yaa. Agar bisa kami proses lebih lanjut ke pihak pusat. Terima kasih..|0|0|0|
973409266013908992|2018-03-12|04:03:48|SE Asia Standard Time|905StreetCars|I liked a @YouTube video  http://youtu.be/mB8ZKoQFfOI?a  I BOUGHT A MITSUBISHI EVO X|0|0|0|
973409036715679744|2018-03-12|04:02:54|SE Asia Standard Time|muhfsn|Mitsubishi Triton  @ Jl. Ir Juanda Ciputat  https://www.instagram.com/p/BgP9Cj6lohm/ |0|0|0|
973408999612837889|2018-03-12|04:02:45|SE Asia Standard Time|VTG_Biz_Group|Mitsubishi Heavy : L'entraînement mécanique de la turbine à gaz  http://www.businesswire.com/news/home/20180312006322/fr/?feedref=JjAwJuNHiystnCoBq_hl-Q-tiwWZwkcswR1UZtV7eGe24xL9TZOyQUMS3J72mJlQ7fxFuNFTHSunhvli30RlBNXya2izy9YOgHlBiZQk2LOzmn6JePCpHPCiYGaEx4DL1Rq8pNwkf3AarimpDzQGuQ== …|0|0|0|
973408884835545088|2018-03-12|04:02:17|SE Asia Standard Time|turedurenikki01|そこそこ評価の高い安いディスプレイを使っていますがちょっとだけいい物が欲しくなってきた＞MITSUBISHI 23型液晶ディスプレイ IPS方式/フルHD/ブラック RDT234WX(BK)： http://www.amazon.co.jp/exec/obidos/ASIN/MITSUBISHI/tweet06-22/ref=nosim …|0|0|0|
973408838467686400|2018-03-12|04:02:06|SE Asia Standard Time|BosHan|Wah Diler Mitsubishi Motors ke 112 Berada di Banyuwangi Lho  https://fb.me/4vDzeauX0 |0|0|0|
973408784251961345|2018-03-12|04:01:53|SE Asia Standard Time|krasiviu|"Мне понравилось видео ""Land Rover, Нива 3D и Mitsubishi L200 Штурм горы на внедорожниках."|0|0|0|
973408768439468032|2018-03-12|04:01:50|SE Asia Standard Time|OtoFeed|MITSUBISHI GELAR PAMERAN DI MEDAN, INI RAGAM PROMONYAMitsubishi Xpander juga turut mejeng di pameran tersebut,...  https://fb.me/MN2umMcQ |0|0|0|
973408343233413120|2018-03-12|04:00:08|SE Asia Standard Time|BosHan|Wah Diler Mitsubishi Motors ke 112 Berada di Banyuwangi Lho  http://dlvr.it/QKnmtv  pic.twitter.com/HrPun1SvmV|0|0|0|
973408342600073216|2018-03-12|04:00:08|SE Asia Standard Time|BW_Energy|Mitsubishi Heavy: H-100 Gas Turbine & Low NOx Combustion System ontvangt kwalificatie voor volledige mechanische aandrijving van Shell  http://dlvr.it/QKnmtX  pic.twitter.com/NfRbpq9ui9|0|0|0|
973408333502689280|2018-03-12|04:00:06|SE Asia Standard Time|BW_French|Mitsubishi Heavy : L'entraînement mécanique de la turbine à gaz H-100 équipée du système de combustion à faible émission de NOx reçoit la qualification mécanique complète de Shell  http://dlvr.it/QKnmpk  pic.twitter.com/Ng5lPipgFi|0|0|0|
973408328851193856|2018-03-12|04:00:05|SE Asia Standard Time|BW_Energy|Mitsubishi Heavy : L'entraînement mécanique de la turbine à gaz H-100 équipée du système de combustion à faible émission de NOx reçoit la qualification mécanique complète de Shell  http://dlvr.it/QKnmm6  pic.twitter.com/eyHNl3lS5x|0|0|0|
973407981038551040|2018-03-12|03:58:42|SE Asia Standard Time|EH27_Mitsubishi|あかん、ほんまになんなんやろこれ、不安定すぎる|0|0|0|
973407792307494912|2018-03-12|03:57:57|SE Asia Standard Time|bw_dutch|Mitsubishi Heavy: H-100 Gas Turbine & Low NOx Combustion System ontvangt kwalificatie voor volledige mechanische aandrijving van Shell  http://dlvr.it/QKnmS3  pic.twitter.com/UCcYFkeacb|0|0|0|
973407692818493441|2018-03-12|03:57:33|SE Asia Standard Time|mitsubishi_CM|三菱 レグナム「美しい力。レグナム」 pic.twitter.com/Snkzo566m5|0|0|0|
973407587575222274|2018-03-12|03:57:08|SE Asia Standard Time|baohanhmaygiat|Tủ lạnh Mitsubishi có tốt không? - Sửa Điện Lạnh Bách Khoa 247  https://tmblr.co/ZW9YPe2W1Cvu5 |0|0|0|
973407446243790848|2018-03-12|03:56:34|SE Asia Standard Time|baohanhmaygiat|Tủ lạnh Mitsubishi có tốt không? - Sửa Điện Lạnh Bách Khoa 247  http://suadienlanhbachkhoa.com.vn/tu-lanh-mitsubishi-co-tot-khong/ …|0|0|1|
973407300437262336|2018-03-12|03:56:00|SE Asia Standard Time|Mitsubishi_007|Gostei de um vídeo @YouTube  http://youtu.be/GV4gVMgOynw?aF-22 … Pilots And KC-10 Boom Operator Talk Riddles, Jokes, And Chick-fil-A During|0|0|0|
973407064323166208|2018-03-12|03:55:03|SE Asia Standard Time|pacificadsgroup|Mitsubishi Lancer for sale Timor Car Sales! Click here for more details...  https://fb.me/1wKDTjAP3 |0|0|0|
973406781085896705|2018-03-12|03:53:56|SE Asia Standard Time|M4NyA20|"I liked a @YouTube video  http://youtu.be/iYURZqtIeek?a  Night Lovell - Just Tryna | Mitsubishi Evolution 4K"|0|0|0|
973406178712662018|2018-03-12|03:51:32|SE Asia Standard Time|ElderMitsubishi|Shoutout to Andrew !!!!! Welcome to the Elder Mitsubishi family!!!!! Congratulations on your…  https://www.instagram.com/p/BgP7vLplfog/ |0|0|0|
973405989872390144|2018-03-12|03:50:47|SE Asia Standard Time|teguh_80WO|Akhirnya!! MITSUBISHI XPANDER Salip Penjualan TOYOTA AVANZA Di Awal 2018:  http://youtu.be/DxO7CR_zqms?a  via @YouTube|0|0|0|
973405975502774272|2018-03-12|03:50:44|SE Asia Standard Time|teguh_80WO|I added a video to a @YouTube playlist  http://youtu.be/DxO7CR_zqms?a  Akhirnya!! MITSUBISHI XPANDER Salip Penjualan TOYOTA AVANZA Di Awal|0|0|0|
973405585319215107|2018-03-12|03:49:11|SE Asia Standard Time|hadyanfkr|@detikcom @20gallantoarbi Wayang+Mitsubishi+Parents' name hahaha|1|0|0|
973405277016883200|2018-03-12|03:47:57|SE Asia Standard Time|20gallantoarbi|@detikcom @hadyanfkr 1. Yudhistira GALLANTo Arbi2. Bimo LANCEReno Arbi3. Larasati MARUTIka Arbi4. Harjuna PAJERO ArbiAll MitsubishiThey just don’t know|1|0|0|
973404914994044928|2018-03-12|03:46:31|SE Asia Standard Time|horoshienovosti|АвтоВАЗ обвинил Mitsubishi в воровстве дизайна Лады  http://cedr.com.ua/avtovaz-obvinil-mitsubishi-v-vorovstve-dizayna-ladyi/?utm_source=ReviveOldPost&utm_medium=social&utm_campaign=ReviveOldPost …|0|0|0|
973404550559293440|2018-03-12|03:45:04|SE Asia Standard Time|MMCWRT|スロットダイは興味あるが使ったことないし。。。朗報！三菱マテリアルはテスト塗工を承り、貴社プロセス改善のお手伝いをします　気軽に問合わせを　 http://ow.ly/O4hLM   http://bit.ly/1funk3W |0|0|0|
973404214301884417|2018-03-12|03:43:44|SE Asia Standard Time|harian_riau|Xpander Naik Daun, Mitsubishi Kembali Buka Diler  http://harianriau.co/news/detail/22301/xpander-naik-daun-mitsubishi-kembali-buka-diler?utm_source=dlvr.it&utm_medium=twitter … pic.twitter.com/2vDyLyzE92|0|0|0|
973402585745928193|2018-03-12|03:37:16|SE Asia Standard Time|Mitsubishi_007|Gostei de um vídeo @YouTube  http://youtu.be/h5ZrA4WSgD4?aTRASLADO … ESPECIAL BRASIL A FLORIDA DE HELICÓPTERO - WEB SERIE #EP05|0|0|0|#EP05
973402575046295552|2018-03-12|03:37:13|SE Asia Standard Time|Cody_Knives|I liked a @YouTube video  http://youtu.be/t7Gf2g6vJKw?a  MITSUBISHI 3000GT VR-4 GETS NEW WHEELS (+ DATSUN TRUCK UPDATE!)|0|0|0|
973402340274331648|2018-03-12|03:36:17|SE Asia Standard Time|CareMandate|End production in Mitsubishi Motors plant in the United States  http://ref.gl/RHVgDApp |0|0|0|
973402069007785984|2018-03-12|03:35:12|SE Asia Standard Time|_xanderac|@Milkythesquid  https://www.youtube.com/watch?v=A79gFQ0dCis … speaking of fidgets that have been spinned, Mitsubishi hired 50 engineers to make a record breaking 24 minute spinner, You're just another engineer in the making.|0|0|1|
973402067636248578|2018-03-12|03:35:12|SE Asia Standard Time|BKMITSUBISHI|Congrats on your new outlander 2018 good luck   https://fb.me/9CE1naAAF |0|0|0|
973401912899878912|2018-03-12|03:34:35|SE Asia Standard Time|Cody_Knives|I liked a @YouTube video  http://youtu.be/oAMMBRoyKLk?a  TURNING A $5,000 MITSUBISHI INTO A $10,000+ MITSUBISHI!|0|0|0|
973401816208519168|2018-03-12|03:34:12|SE Asia Standard Time|MetrotownMitsu|Thanks, Kathy Castaneda, for your excellent review on Facebook #BIZINGA  https://reviews.bizinga.com/metrotown-mitsubishi-147810927793655/review/130469098582135246 …|0|0|0|#BIZINGA
973401491989024769|2018-03-12|03:32:55|SE Asia Standard Time|AUTOSDISAUTO|DISAUTO MITSUBISHI MIRAGE GLS MANUAL RINES PANTALLA SONY 1700 KIL HERMOS...  https://youtu.be/1Nwlde5YQsc  vía @YouTube|0|0|0|
973401466319851520|2018-03-12|03:32:49|SE Asia Standard Time|BKMITSUBISHI|Congrats on your new outlander 2018 good luck   https://www.instagram.com/p/BgP5gbdh9Gt/ |0|0|0|
973401124479750145|2018-03-12|03:31:27|SE Asia Standard Time|Otoblitz_NET|Dukung Pembinaan dan Pengembangan SMK, Mitsubishi Fuso Donasikan Colt Dieselcc: @FusoTruck @SMKN1JAKARTA @SEBLASTANCOL http://bit.ly/2paIGuJ  pic.twitter.com/qcBpnfdudT|0|0|0|
973400946649608192|2018-03-12|03:30:45|SE Asia Standard Time|HotlineCrisis|"Mitsubishi Motors Transfers Production of the RVR from Okazaki Plant to Mizushima Plant | ACN Newswire  http://ref.gl/jPusjIZG "|0|0|0|
973400776285609984|2018-03-12|03:30:04|SE Asia Standard Time|mitzayyy_|I NEVER tell ppl or argue with them about how to live their life Bc it’s none of my business so why tf do ppl always feel like they can do that to me. I’m beyond annoyed.|0|1|3|
973400275921719296|2018-03-12|03:28:05|SE Asia Standard Time|thuyhuong0691|Động cơ điện SF-JR 1/2HP 2P Mitsubishi công suất 1/2HP 0.4 kW  https://hoplongtech.com/products/sf-jr-1-2hp-2p …|0|0|0|
973400263179423744|2018-03-12|03:28:02|SE Asia Standard Time|KompasOtomotif|Mitsubishi Simpan Asa di Kota Matahari Terbit  http://otomotif.kompas.com/read/2018/03/13/102200515/mitsubishi-simpan-asa-di-kota-matahari-terbit …|0|0|0|
973400260906074112|2018-03-12|03:28:01|SE Asia Standard Time|kompascom|Mitsubishi Simpan Asa di Kota Matahari Terbit  http://otomotif.kompas.com/read/2018/03/13/102200515/mitsubishi-simpan-asa-di-kota-matahari-terbit …|0|0|0|
973400060938543105|2018-03-12|03:27:14|SE Asia Standard Time|Mitsubishi_007|Gostei de um vídeo @YouTube  http://youtu.be/i2QdUGSKSlo?aDESSA … VEZ DEU MUITO RUIM!  ‹ BRclubTV ›|0|0|0|
973400050926739456|2018-03-12|03:27:11|SE Asia Standard Time|FlyingSwitch|PAR-21MAA Wired Controller - Mitsubishi Electric  http://ref.gl/Z2JAbDAH |0|0|0|
973399446145916928|2018-03-12|03:24:47|SE Asia Standard Time|vserazborki|"#авторазборки №41942 Mitsubishi | ищу > блок предохранителей Mitsubishi Eclipse | Новосибирск  http://vserazborki.com/ads/41942 "|0|0|0|#авторазборки
973399337622482944|2018-03-12|03:24:21|SE Asia Standard Time|mitzayyy_|Todo lo que te haga tú ya lo hiciste conmigo  |0|0|0|
973399313253617664|2018-03-12|03:24:15|SE Asia Standard Time|jual_mobil_baru|Taufiq Mitsubishi Surabaya: Promo dan Harga Mobil Mitsubishi 2018  https://lnkd.in/fY6P_HJ |0|0|0|
973399307045892096|2018-03-12|03:24:14|SE Asia Standard Time|KiMeUnI1011|同じような仕事についてるから、よりレベルの低さ感じる。謝罪もないってどんだけ殿様営業だよ。大手財閥MITSUBISHIグループなのに、こんな感じなんだと思うとほんっと呆れる。友達には絶対勧めたくない。|0|0|0|
973399292558819328|2018-03-12|03:24:10|SE Asia Standard Time|jual_mobil_baru|Dapatkan informasinya disini Promo Menarik Pembelian Mobil Mitsubishi Surabaya, Surabaya Jawa Timur, Telepon: 0813-3556-3055 dari Sales Dealer PT.Srikandi Diamond Indah Motors  https://www.jualmobilbaru.com/salesmobil/taufiq-mitsubishi-surabaya …|0|0|0|
973399136862162944|2018-03-12|03:23:33|SE Asia Standard Time|jual_mobil_baru|Standard keamanan internasional - Taufiq Mitsubishi Surabaya  https://lnkd.in/fXvnkBk |0|0|0|
973399104691888128|2018-03-12|03:23:26|SE Asia Standard Time|fksxbng|@RossasMarcos q sdd tb..... Eu fico mt feliz de ver q a energia esfuziante q tu sempre teve se canalizou numa força criativa maravilhosa e q eu admiro mt e eu queria mt bater um papo cara a cara ctg pra vwr isso de perto...... só dizendo|1|0|1|
973399031626870784|2018-03-12|03:23:08|SE Asia Standard Time|Riau24Com|Memiliki Masalah Dalam Putaran Mesin, Mitsubishi Xpander Akan Mengirim Softwarenya  http://dlvr.it/QKnfPL  pic.twitter.com/cQ6eWb08T1|0|0|0|
973398739904880640|2018-03-12|03:21:59|SE Asia Standard Time|fksxbng|hj foi um dia mt bizarro porém lindo, e o fato de eu ter passado ele ouvindo musica psicodélica - algo q por anos eu nem curtia - faz eu perceber que ouA) estou saindo dos trilhos de vez e pronta pra declarar que sou alguem q n conheço maisB) me tornei quem sempre fui na vdd pic.twitter.com/0Xh6fw5z7q|0|0|0|
973398448069201920|2018-03-12|03:20:49|SE Asia Standard Time|arjunlopz63|Mitsubishi Lancer Evolution  pic.twitter.com/tuVvMd4qoG|0|0|1|
973398197447151616|2018-03-12|03:19:49|SE Asia Standard Time|alfredo_vegans|#mitsubishi #eclipse #dsm #dsm #stance #carmeet #carshow #hermosillo #sonora #México #dsmsociety #mitsubishieclipse @ Hermosillo, Sonora|0|0|0|#mitsubishi,#eclipse,#dsm,#dsm,#stance,#carmeet,#carshow,#hermosillo,#sonora,#México,#dsmsociety,#mitsubishieclipse
973398146612191232|2018-03-12|03:19:37|SE Asia Standard Time|MiRevistaSocial|"""Marzo"" el mes mas caliente del año, tan caliente como los precios de los autos en Repuestos Y Motores. S.A., ven y acompáñanos tendremos grandes sorpresas. Cotiza y compra los carros Nissan y Mitsubishi del mercado en @rymsasantiago Santiago via intera…  http://bit.ly/2Fyfzws  pic.twitter.com/eYJm82CX4j"|0|0|0|
973398064005185536|2018-03-12|03:19:17|SE Asia Standard Time|KiMeUnI1011|先月届けてもらったMITSUBISHI冷蔵庫。初期不良で交換依頼した時も対応悪かったけど、欠品してて2週間以上待ってようやく今日届いたのに前回よりも汚れひどくて、更には連絡したお客様相談室の態度もよりひどいし、返金して他のメーカーの買いたいレベル！|0|0|0|
973397719187206146|2018-03-12|03:17:55|SE Asia Standard Time|BubbzWasHere|I liked a @YouTube video  http://youtu.be/mB8ZKoQFfOI?a  I BOUGHT A MITSUBISHI EVO X|0|0|0|
973397654175649793|2018-03-12|03:17:40|SE Asia Standard Time|quangmc86|Cánh cửa xe tải Mitsubishi verycar  http://phutungauto86.com/phu-tung-xe-tai-nhe/canh-cua-xe-tai-mitsubishi-verycar.html#.WqdC0UgTQ_Q.twitter …|0|0|0|
973397495622414341|2018-03-12|03:17:02|SE Asia Standard Time|arjunlopz63|Mitsubishi Lancer Evo  pic.twitter.com/32MaVWnFrM|0|0|1|
973397468296593409|2018-03-12|03:16:55|SE Asia Standard Time|chiby_loupatty|"Jual Ac Mitsubishi 2pk Online - Toko Ac Murah | Jual Ac Murah |  http://PusatAcMurah.com   http://pusatacmurah.com/info/78/jual-ac-mitsubishi-2pk-online …#debatpilgubjabar#123moveon#jualacmitsubishi2pk"|0|0|0|#debatpilgubjabar,#123moveon,#jualacmitsubishi2pk
973397431399387136|2018-03-12|03:16:47|SE Asia Standard Time|1beritaotomotif|Mitsubishi Resmikan Dealer Kendaraan Penumpang Di Banyuwangi  http://ift.tt/2FON7pm  #1beritaotomotif #otomotif pic.twitter.com/w6lNhK1G6g|0|0|0|#1beritaotomotif,#otomotif
973397411690360832|2018-03-12|03:16:42|SE Asia Standard Time|DanielPCarsten1|@TuckerCarlson Hi Tucker, I am an Air Force veteran and these things are dangerous, I was abducted inside my 1987 Mitsubishi pickup truck while driving about 50-60 miles from Wright-Patterson AFB, Ohio.  I smoked at the time, was drinking coffee,and eating a hamburger and fries.|0|0|0|
973397016670646273|2018-03-12|03:15:08|SE Asia Standard Time|revoltis|確か #ワイルドスピード で渋谷スクランブル交差点界隈を暴れまわっていた #ランエボ。。。レプリカかな？#Mitsubishi #LancerEvolution pic.twitter.com/ckw2L9tDrP|0|1|11|#ワイルドスピード,#ランエボ,#Mitsubishi,#LancerEvolution
973396761904476161|2018-03-12|03:14:07|SE Asia Standard Time|quangmc86|Thước lái xe tải Mitsubishi verycar  http://phutungauto86.com/phu-tung-xe-tai-nhe/thuoc-lai-xe-tai-mitsubishi-verycar.html#.WqdB_SIUvIA.twitter …|0|0|0|
973396757810999296|2018-03-12|03:14:06|SE Asia Standard Time|WineDineTravelP|Mitsubishi Electric Classic Press Release - Player Field Update  https://t.e2ma.net/share/inbound/t/uko34b/6hqgu2 …|0|0|0|
973396597601132544|2018-03-12|03:13:28|SE Asia Standard Time|OtoFeed|Setelah mengejar selama 6 bulan, Mitsubishi Xpander akhirnya bisa merebut tahta Toyota Avanza sebagai low MPV...  https://fb.me/9xxNtE8g3 |0|0|1|
973396425638899712|2018-03-12|03:12:47|SE Asia Standard Time|fksxbng|@RossasMarcos esse tweet parece uma projeção astral|1|0|1|
973395702561853442|2018-03-12|03:09:54|SE Asia Standard Time|mitzayyy_|I’ve worked all 3 of my jobs today. Nobody can tell me I’m not tired. |0|1|0|
973395325082796032|2018-03-12|03:08:24|SE Asia Standard Time|ServantOnIce|Good night.|0|0|0|
973394985180717056|2018-03-12|03:07:03|SE Asia Standard Time|pacificadsgroup|Mitsubishi Lancer for sale PNG Autos! Click here for more details...  https://fb.me/7pYDBtQgh |0|0|0|
973394768167256064|2018-03-12|03:06:12|SE Asia Standard Time|AndreiJean2002|Gostei de um vídeo @YouTube  http://youtu.be/ThJHE0a_iuE?aVelozes … & Furiosos Desafio em Tokyo - Nissan VS Toyota VS Mitsubishi VS Subaru -|0|0|0|
973394004522995712|2018-03-12|03:03:10|SE Asia Standard Time|fullmotorss|Please RT? #cars #supercars #luxurycars #motor Another Eclipse: Mitsubishi?s New Crossover Wears a...  http://tinyurl.com/jgcs8zz |0|0|0|#cars,#supercars,#luxurycars,#motor
973393933538603008|2018-03-12|03:02:53|SE Asia Standard Time|MikePRogers|@energysmartohio I think the Ecodan (Mitsubishi) only gets you to 140. (Workable with further load reduction? Or juicing the distribution system for the lower temps?)|0|0|0|
973393554977542145|2018-03-12|03:01:22|SE Asia Standard Time|zporter602|it was a black mitsubishi|0|0|0|
973393340187271169|2018-03-12|03:00:31|SE Asia Standard Time|MitsubishiMty|Estamos más cerca de las vacaciones y más cerca de que estrenes el #Mitsubishi que quieres, visítanos enAv. Miguel Alemán 6062 para conocer las promociones y facilidades de pago  pic.twitter.com/sP8hqVjait|0|0|0|#Mitsubishi
973392894940893185|2018-03-12|02:58:45|SE Asia Standard Time|CarsofWCH|Mitsubishi Airtrek#mitsubishi #airtrek #mitsubishiairtrek #mitsubishioutlander #mitsubishioutlanderclub #mitsubishiairtrek #mitsubishigram #carsofwongchukhang #carsofinstagram #cargram #instacars #carspotting #crossoversuv #suv  http://ift.tt/2p5sax0  pic.twitter.com/Eoc5KqSS7t|0|0|0|#mitsubishi,#airtrek,#mitsubishiairtrek,#mitsubishioutlander,#mitsubishioutlanderclub,#mitsubishiairtrek,#mitsubishigram,#carsofwongchukhang,#carsofinstagram,#cargram,#instacars,#carspotting,#crossoversuv,#suv
973392615298052096|2018-03-12|02:57:38|SE Asia Standard Time|mitsubishi_CM|三菱 eKカスタム（初代）「カッコek」篇 pic.twitter.com/p8MMeKJAph|0|0|0|
973392520108535809|2018-03-12|02:57:16|SE Asia Standard Time|trisalicious|Hopefully by the end of April I’ll be driving anything but a Mitsubishi|0|0|1|
973392207511089152|2018-03-12|02:56:01|SE Asia Standard Time|daz_ecdl|Me ha gustado un vídeo de @YouTube ( http://youtu.be/Xc6idVlQR4M?a  - EL LEGENDARIO MITSUBISHI ECLIPSE!! LOS COCHES DE FAST AND FURIOUS!!|0|0|0|
973392062186967040|2018-03-12|02:55:27|SE Asia Standard Time|ServantOnIce|@habibitingz Y'all done caught one!! https://twitter.com/ReaganBattalion/status/973362107260522496 …|0|0|0|
973391990019604480|2018-03-12|02:55:09|SE Asia Standard Time|k_kadenlife|"Mitsubishi UFJ Financial Group, Inc. NYSE Ticker Symbol Changes from ""MTU"" to ""MUFG"" Effective April 2, 2018  https://www.kaiteki-kadenlife.com/international/international-english/5966727.html …"|0|0|0|
973391966800109569|2018-03-12|02:55:04|SE Asia Standard Time|pacificadsgroup|Mitsubishi Pajero for sale Timor Car Sales! Click here for more details...  https://fb.me/T8UoL4Xi |0|0|0|
973391661626679301|2018-03-12|02:53:51|SE Asia Standard Time|AnunicoARG|#Clasificados Mitsubishi L  https://goo.gl/fb/s5mjsN |0|0|0|#Clasificados
973391484174004224|2018-03-12|02:53:09|SE Asia Standard Time|BEST_USEDCAR|2012年 Mitsubishi Canter 白色 三菱堅達篷式升降尾門中古貨車： http://youtu.be/U_F-aeCe8-E?a  (來自 @YouTube)|0|0|0|
973391480680275968|2018-03-12|02:53:08|SE Asia Standard Time|luismitsubishi5|"""MITSUBISHI MONTERO SPORT"" Poderoso, elegante, seguro y aventurero, la mezcla perfecta.• VERSIONES DISPONIBLES:- Automático 4x2 Tela - 7 pasajeros- Automático 4x4 Tela - 7 pasajeros- Automático 4x4 Cuero - VERSIÓN PREMIUMMitsubishi - CALLE 50Luis Rodríguez O. 6673-1161  pic.twitter.com/aWLVQlKFlh"|0|0|0|
973391009391390721|2018-03-12|02:51:16|SE Asia Standard Time|MODUSACEH|Gara-gara Xpander, Diler Mitsubishi Menjamur di Pulau Jawa  https://goo.gl/ARV6TD  pic.twitter.com/SkX8ji8Kya|0|0|0|
973390722543116288|2018-03-12|02:50:07|SE Asia Standard Time|ecoautobiz|Mitsubishi i MiEV: review, specifications, test drive  https://ecoauto.biz/mitsubishi-i-miev/ …|0|0|0|
973390703089897472|2018-03-12|02:50:02|SE Asia Standard Time|JJAutoParts|"We're currently wrecking  MITSUBISHI TRITON 2010 2.5 5SPEED (C20163) |See parts available here-   http://ow.ly/fR3v30iUqKg #Mitsubishi #MitsubishiTriton"|0|0|0|#Mitsubishi,#MitsubishiTriton
973390406498037760|2018-03-12|02:48:52|SE Asia Standard Time|thuyhuong0691|Địa chỉ có giá SF-JRV 1HP 6P Mitsubishi tốt nhất – thietbidienCN – Medium  https://medium.com/@nucuoi0691/%C4%91%E1%BB%8Ba-ch%E1%BB%89-c%C3%B3-gi%C3%A1-sf-jrv-1hp-6p-mitsubishi-t%E1%BB%91t-nh%E1%BA%A5t-bfe8fe783f7a …|0|0|1|
973390308447784960|2018-03-12|02:48:28|SE Asia Standard Time|luismitsubishi5|"""MITSUBISHI MONTERO SPORT"" Poderoso, elegante, seguro y aventurero, la mezcla perfecta.•…  https://www.instagram.com/p/BgP0hczABL3/ "|0|0|0|
973390197806325761|2018-03-12|02:48:02|SE Asia Standard Time|ServantOnIce|@habibitingz Yep..|0|0|0|
973390038611480576|2018-03-12|02:47:24|SE Asia Standard Time|ServantOnIce|What?????????? https://twitter.com/ReaganBattalion/status/973362107260522496 …|0|0|0|
973389911255584768|2018-03-12|02:46:54|SE Asia Standard Time|ServantOnIce|@Dee_drah_ Gorgeous!!!!!|0|0|0|
973389804388995073|2018-03-12|02:46:28|SE Asia Standard Time|ServantOnIce|Meeeeee! https://twitter.com/DivaQBBQ/status/973378721087393793 …|0|0|0|
973389734520279040|2018-03-12|02:46:12|SE Asia Standard Time|hatankagekine|Cómo cambiar la correa de distribución en la v6 con imágenes club3g USD foro Mitsubishi Eclipse foros 3g tipo de cambio monero -  http://bit.ly/2tI5eIL |0|0|0|
973389467762548736|2018-03-12|02:45:08|SE Asia Standard Time|luismitsubishi5|"""MITSUBISHI MONTERO SPORT"" Poderoso, elegante, seguro y aventurero, la mezcla perfecta.•…  https://www.instagram.com/p/BgP0JAKgz68/ "|0|0|0|
973389330965295105|2018-03-12|02:44:35|SE Asia Standard Time|AllMotorBlogg|Please RT? #cars #supercars #luxurycars #motor Another Eclipse: Mitsubishi?s New Crossover Wears a Familiar.  http://bit.ly/2GldW2k |0|0|1|#cars,#supercars,#luxurycars,#motor
973389203911319553|2018-03-12|02:44:05|SE Asia Standard Time|terasid|Penjualan Mitsubishi Xpander Mulai Kalahkan Toyota Avanza  https://goo.gl/sQSfoQ |0|0|0|
973389024193851395|2018-03-12|02:43:22|SE Asia Standard Time|yorch_cr|Me contaron la gente de Veinsa que ya Mitsubishi no fábrica el Lancer y pues mi corazón se destrozó |0|0|0|
973387508498255872|2018-03-12|02:37:21|SE Asia Standard Time|automovilonline|#IndustriaAP La incorporación de #Mitsubishi a la Alianza Renault-Nissan dará sus primeros frutos en la forma de un nuevo SUV. ¿Qué les gustaría ver?  http://bit.ly/2IlRabt  pic.twitter.com/XjrXHEQXvE|1|6|25|#IndustriaAP,#Mitsubishi
973387499102851072|2018-03-12|02:37:19|SE Asia Standard Time|bosmobil| http://www.bosmobil.com/mitsubishi-resmikan-dealer-kendaraan-penumpang-di-banyuwangi/ … @Mitsubishi_ID|0|0|0|
973387486020870150|2018-03-12|02:37:15|SE Asia Standard Time|Toncu5|Động Cơ Điện Mitsubishi  http://hopsogiamtoc.com.vn/san-pham/dong-co-dien-mitsubishi/ …|0|0|0|
973387440147738630|2018-03-12|02:37:05|SE Asia Standard Time|KamiKabarkan|Gara-gara Xpander, Diler Mitsubishi Menjamur di Pulau Jawa  http://dlvr.it/QKnV09 |0|0|0|
973387371902263296|2018-03-12|02:36:48|SE Asia Standard Time|Toncu5|Motor Giảm Tốc Mitsubishi  http://hopsogiamtoc.com.vn/san-pham/motor-giam-toc-mitsubishi-2/ …|0|0|0|
973387039826624512|2018-03-12|02:35:29|SE Asia Standard Time|carlife8|【Lancer Evolution X (Mitsubishi)】'92に誕生して以来確実に進化し続けている超高性能マシン。その驚異の動力性能は世界中のファンに愛され続けている。《排気》2.0L《価格》315万円  pic.twitter.com/tlX9QiLrW8|0|0|0|
973386993920020480|2018-03-12|02:35:18|SE Asia Standard Time|mitzayyy_|Like this shit is annoying.... pic.twitter.com/DhvocZRT5O|0|0|0|
973386717410549760|2018-03-12|02:34:12|SE Asia Standard Time|stylcessvihar|на Mitsubishi Pajero Wagon 3.0л 170HP-ГБО STAG. Газ на Mitsubishi Pajero Wagon (ГБО Польша)   https://youtu.be/qiFN72TfID8  ГБО|0|0|0|
973386425084403712|2018-03-12|02:33:03|SE Asia Standard Time|BolaBanget|Penjualan Xpander Kalahkan Toyota Avanza, Ini Strategi Mitsubishi  http://bolabanget.id/teaser/1240335/penjualan-xpander-kalahkan-toyota-avanza-ini-strategi-mitsubishi … pic.twitter.com/UJXmHjjbHV|0|1|0|
973386202517819393|2018-03-12|02:32:09|SE Asia Standard Time|mitzayyy_|I HATE when Im just chillin, staying lowkey and quiet and ppl always wanna assume something’s wrong with me. Let me have a moment of peace pls |0|1|2|
973385948904878080|2018-03-12|02:31:09|SE Asia Standard Time|gootodotcom|Mitsubishi Xpander Kembali Kalahkan Toyota Avanza #mitsubishixpander #toyotaavanza https://goo.gl/gMaQ6B |0|0|0|#mitsubishixpander,#toyotaavanza
973385306522071040|2018-03-12|02:28:36|SE Asia Standard Time|CJA_Aus|@MLGPuckett My Mitsubishi Lancer is getting on in years, I might have to look at one of those Toyotas. OWL advertising $'s paying off!|0|0|0|
973384836386783232|2018-03-12|02:26:44|SE Asia Standard Time|KustomHobbies|#mamba #mambaadjustableturbowastegate #wastegateactuator #evox #ralliart #mitsubishi…  https://www.instagram.com/p/BgPyB6ynws0/ |0|0|0|#mamba,#mambaadjustableturbowastegate,#wastegateactuator,#evox,#ralliart,#mitsubishi
973384300891660288|2018-03-12|02:24:36|SE Asia Standard Time|joyce_jude|holy shit this makes me feel so awful about eating beef cause cows love music...just like me...oh my god https://twitter.com/misslaneym/status/971546128943603712 …|0|0|2|
973383411372044288|2018-03-12|02:21:04|SE Asia Standard Time|arte_prima|HahahaRBSSANTANDERBRADESCOSAFRAGERDAUFORDMITSUBISHINEM PENSAR!!!Justamente o motivo da Operação Zelotes, que praticaram corrupção com e no CARF...Aí a justiSSa deu um jeito de FERRAR 1 Petista!!!Cada dia mais surreal o Judiciário!!!  https://twitter.com/valor_economico/status/973337927198625794 …|1|15|14|
973383135021821952|2018-03-12|02:19:58|SE Asia Standard Time|KoranSyndorm|Gara-gara Xpander, Diler Mitsubishi Menjamur di Pulau Jawa  http://dlvr.it/QKnQqG  pic.twitter.com/AkAubRpbM5|0|0|0|
973382375660048384|2018-03-12|02:16:57|SE Asia Standard Time|mitsubishi022_|Mitsubishi Xpander Raih Rating 4 Bintang Dari ASEAN NCAP  https://mitsubishi022.wordpress.com/2018/03/13/mitsubishi-xpander-raih-rating-4-bintang-dari-asean-ncap/ … pic.twitter.com/yJYshOLPWs|0|0|0|
973382231363411968|2018-03-12|02:16:23|SE Asia Standard Time|OtoTic|Mitsubishi Xpander được xuất khẩu đi các nước ASEAN  http://ift.tt/2p9yYcd  pic.twitter.com/rpz3HSAfk6|0|0|0|
973382160441778176|2018-03-12|02:16:06|SE Asia Standard Time|IsuAktual|Gara-gara Xpander, Diler Mitsubishi Menjamur di Pulau Jawa  http://dlvr.it/QKnQHQ |0|0|0|
973381918468141056|2018-03-12|02:15:08|SE Asia Standard Time|Klikiniaja|Klik Ini Aja: Ketika Drama Mitsubishi Xpander Merebut Tahta Toyota Avanza  http://klikiniaja.com/2018/03/13/klik-ini-aja-ketika-drama-mitsubishi-xpander-merebut-tahta-toyota-avanza/ …|0|0|0|
973381897148547072|2018-03-12|02:15:03|SE Asia Standard Time|MMCWRT|三菱総合材料的複合軋輥　耐熱、耐磨損性優異的硬質合金在鋼材溫度達到1000℃左右的軋制工序中有助于實現高效率,高品質的生産。 http://bit.ly/2w5fHuh |0|0|0|
973381819163955200|2018-03-12|02:14:44|SE Asia Standard Time|migs88888|"100% ONE COIN FOR PURCHASE MITSUBISHI PAJERO 3.2 DI-D, 190 HP - NEW - DIESEL | DealShaker  https://fb.me/7YEhDfESE "|0|0|0|
973381590024966144|2018-03-12|02:13:50|SE Asia Standard Time|grosir_knalpot_|Header Mitsubishi SS  https://grosirknalpot.com/header-mitsubishi-ss/ …|0|0|0|
973380778364059648|2018-03-12|02:10:36|SE Asia Standard Time|car69_7ujm|直感でいいなぁと思った人はRTだよ#MITSUBISHI #evo pic.twitter.com/ZR9EUH656u|0|0|1|#MITSUBISHI,#evo
973380760626331648|2018-03-12|02:10:32|SE Asia Standard Time|financialbuzz|Mitsubishi Electric America Foundation to be Honored With American Association of People With Disabilities Catal..  http://financialbuzz.com/mitsubishi-electric-america-foundation-to-be-honored-with-american-association-of-people-with-disabilities-catalyst-award-1029958 …|0|0|0|
973380180474507264|2018-03-12|02:08:14|SE Asia Standard Time|OtoTic|Những chiếc Mitsubishi Xpander lắp ráp tại Indonesia sẽ xuất sang Philippines đầu tiên trong tháng này, sau đó tới các quốc gia khác  https://lnkd.in/fAHn6rc |0|0|0|
973380075889373184|2018-03-12|02:07:49|SE Asia Standard Time|thuyhuong0691|Mua SF-JRV 3HP 2P động cơ điện Mitsubishi chính hãng ở địa chỉ nào  https://medium.com/@nucuoi0691/mua-sf-jrv-3hp-2p-%C4%91%E1%BB%99ng-c%C6%A1-%C4%91i%E1%BB%87n-mitsubishi-ch%C3%ADnh-h%C3%A3ng-%E1%BB%9F-%C4%91%E1%BB%8Ba-ch%E1%BB%89-n%C3%A0o-9af3b78341c0 …|0|0|1|
973379524950814720|2018-03-12|02:05:37|SE Asia Standard Time|syafiqmohamad|"Rutin di subuh hari, kdg2 lepas Isyak | Mitsubishi Galant 6th gen | AMG+VR4#mitsubishi #galant…  https://www.instagram.com/p/BgPu6S3Au8B/ "|0|0|0|#mitsubishi,#galant
973379386987593728|2018-03-12|02:05:05|SE Asia Standard Time|mobilinanews|Keren Mitsubishi Resmikan Dealer Kendaraan Penumpang Ke 112 di Ujung Timur Jawa1  http://dlvr.it/QKnN40  pic.twitter.com/gQtgCXMJYe|0|0|0|
973379203566587904|2018-03-12|02:04:21|SE Asia Standard Time|HalifaxJob|Administrator/Senior Administrator, Transfer Agency: Mitsubishi UFJ Fund Services (Halifax NS).. #halifax #eluta  http://dld.bz/gFW9p |0|0|0|#halifax,#eluta
973379174470684672|2018-03-12|02:04:14|SE Asia Standard Time|nickyllos|When you make chipotle chicken and the whole squad starts coughing because the pepper in the air is spicy as fuck|0|0|1|
973379163234107393|2018-03-12|02:04:11|SE Asia Standard Time|righgabitem|Pajero - Газобаллонное оборудование STAG  https://www.youtube.com/watch?v=BEYHM2Voqzs … #гбо6поколения Mitsubishi|0|0|0|#гбо6поколения
973378836929892352|2018-03-12|02:02:53|SE Asia Standard Time|nickyllos|@tay_davies The day that went down in history|1|0|1|
973378716754522112|2018-03-12|02:02:25|SE Asia Standard Time|thanhhaichau|Máy lạnh Mitsubishi Electric  https://maylanhchatluong.com.vn/may-lanh-mitsubishi-electric.html#.WqcxLUiqgWo.twitter …|0|0|0|
973378464349937665|2018-03-12|02:01:25|SE Asia Standard Time|WesternFilters1|Mitsubishi Triton ML 3.2 Ltr Oil Catch Can kit, very easy intall, check out our video now ! Buy online...  https://fb.me/49P43xIzN |0|0|0|
973378120370630656|2018-03-12|02:00:03|SE Asia Standard Time|Chrysler_oax|Con las luces de los espejos laterales de  Mitsubishi Outlander siempre viajas seguro.Conócela en Mitsubishi...  https://fb.me/4b8AbgRXu |0|0|0|
973378098371682304|2018-03-12|01:59:57|SE Asia Standard Time|Bamapages|2003 Mitsubishi Lancer for sale (Montgomery AL) $22002003 Mitsubishi Lancer for sale in Montgomery AL. 156K...  https://fb.me/TNtBMKH7 |0|0|0|
973377534816473088|2018-03-12|01:57:43|SE Asia Standard Time|mitsubishi_CM|三菱 ランサーエボリューションX pic.twitter.com/SEDUSmWe7m|0|0|0|
973377525282832384|2018-03-12|01:57:41|SE Asia Standard Time|minhha2403|Với thiết kế vừa vặn, gọn gàng hơn so với các dòng gậy Titleist trước đó, mẫu gậy golf Driver Titleist 915 D3 Mitsubishi Diamana cho những cú đánh bóng chính xác và xa hơn. Nhưng với thiết kế này cũng làm giảm tốc độ quay gậy. https://golfcity.com.vn/gay-golf/gay-drivers/gay-golf-driver-titleist-915-d3-mitsubishi-diamana/ … pic.twitter.com/bnLK0bs6ZY|0|0|3|
973377199087734784|2018-03-12|01:56:23|SE Asia Standard Time|ElleryWong1|An awesome tool to have if you're a Subaru and Mitsubishi  tuner enthusiast. Plus it got me out…  https://www.instagram.com/p/BgPujvMnaU7/ |0|0|0|
973377113154756608|2018-03-12|01:56:02|SE Asia Standard Time|jigen001|Mitsubishi ATD-X Shinshin, Japan - Japan's Indigenous Stealth Fighter:  https://youtu.be/BVhi6tN3Az4   YouTube|0|0|0|
973376997354192896|2018-03-12|01:55:35|SE Asia Standard Time|DocOffices|Mitsubishi Motors to close Illinois plant, find buyer - Manufacturing News - Crain's Chicago Business  http://ref.gl/l8ivbSXU |0|0|0|
973376906451091456|2018-03-12|01:55:13|SE Asia Standard Time|covenautos|#MITSUBISHI L200 WORK 4X2Año 2014Click »  https://goo.gl/XLVgA4 112.000 kms$ 9.950.000 pic.twitter.com/V8FiijFBit|0|1|0|#MITSUBISHI
973376757947617280|2018-03-12|01:54:38|SE Asia Standard Time|joyce_jude|I love this man https://twitter.com/nbcsnl/status/973312623285555201 …|0|0|3|
973376007968190469|2018-03-12|01:51:39|SE Asia Standard Time|harisulumarafa|"""Ojo Lali Waktu Ngopimu Lur""*READY STOK*- 5 unit ANPS Dakar 4x2 Hitam 2018- 1 unit ANPS Dakar 4x2 Putih 2018- 1 unit Xpander Exceed Silver 2018Only :Haris Mitsubishi Blitar0821 432 4444 3082 353 454 544PT SUN STAR MOTOR  pic.twitter.com/ya7i8b0sA5"|0|0|0|
973375912011030529|2018-03-12|01:51:16|SE Asia Standard Time|chestermotorco|A new post (Mitsubishi, Ford, Kia among winners as Russia sales rise 25%) has been published at  https://chestermotorcompany.co.uk/%used%/ Russian new-car sales rose 25 percent in February. Mitsubishi saw the biggest gain with sales soaring 97 percent, while Ford sales...|0|0|0|
973375612923490304|2018-03-12|01:50:05|SE Asia Standard Time|4_Uguys|Gara-gara Xpander, Diler Mitsubishi Menjamur di Pulau Jawa  http://dlvr.it/QKnKPY |0|0|0|
973374646019133440|2018-03-12|01:46:14|SE Asia Standard Time|World_of_Chem|"Automotive Facility Profile for Mitsubishi Motors (Thailand) Co., Ltd. - Lcb Plant 1 | ELM Analytics  http://ref.gl/7rwAsvsJ "|0|0|0|
973374501080748033|2018-03-12|01:45:40|SE Asia Standard Time|Medien_News|"Mitsubishi UFJ Financial Group, Inc. NYSE Ticker Symbol Changes from ""MTU"" to ""MUFG"" Effective April 2, 2018 - <style type=""text/css""> <!-- .bwalignc {text-align: center} --> </style> Mitsubishi UFJ Financial Group, Inc. (NYSE:MTU), one of the world's...  http://ow.ly/Gvtd50gPqeY "|0|0|0|
973374225938632707|2018-03-12|01:44:34|SE Asia Standard Time|almeidalucass9_|vish imagina eu portando uma mitsubishi com duas vagabunda querendo fumar haxixe|1|0|1|
973373795749654529|2018-03-12|01:42:51|SE Asia Standard Time|PuspitaFM|"#ADV Mitsubishi Motors telah meluncurkan varian Pajero Sport terbaru ""Mitsubishi Pajero Sport EXCEED 4x2 AT  pic.twitter.com/m5WiJUQKDe"|0|0|0|#ADV
973372995505983488|2018-03-12|01:39:41|SE Asia Standard Time|ShirleyJourneys|"""On our drive up to experience Pittsburgh during the holidays, Owen got sick less than an hour into our five-hour drive.""  https://goo.gl/MfmC3J  #FamilyTravel #DriveMitsubishi #Travel #Mitsubishi  pic.twitter.com/saSB0GIEW0"|0|2|4|#FamilyTravel,#DriveMitsubishi,#Travel,#Mitsubishi
973371634966032384|2018-03-12|01:34:16|SE Asia Standard Time|kantinetli|Outlander 2015 Landi Renzo. Газ на Митсубиси Аутлендер   https://www.youtube.com/watch?v=tuJwRmVZZ5M … #гбоцена Mitsubishi|0|0|0|#гбоцена
973371146749009920|2018-03-12|01:32:20|SE Asia Standard Time|STonyHev|@odioapancho Vas en Toyota o Mitsubishi?|1|0|4|
973370924199174145|2018-03-12|01:31:27|SE Asia Standard Time|GCIMagazineGuy|A lava tube on the sixth hole of the Hualālai course at the Four Seasons Resort Hualālai. The course hosts the @ChampionsTour’s Mitsubishi Electric Championship.  pic.twitter.com/OZ6ziiZ22L|1|2|6|
973370563476578304|2018-03-12|01:30:01|SE Asia Standard Time|oqtdb|#CLASSIFICADOS #Veículos - Procurando #pajero em #Natal e #Parnamirim #RN? Confira as ofertas: … http://classificados-veiculos-novos-usados.oqtdb.com/pajero-mitsubishi-carro-novos-semi-novos-e-usados-vender … #carro #mitsubishi|0|0|0|#CLASSIFICADOS,#Veículos,#pajero,#Natal,#Parnamirim,#RN,#carro,#mitsubishi
973369968149585921|2018-03-12|01:27:39|SE Asia Standard Time|alwakzul|Chemical service 1.0Hp aircond Mitsubishi Heavy DutyAlang-alang dah datang pasang aircond,…  https://www.instagram.com/p/BgPrRbXAOtM/ |0|0|0|
973369750729277440|2018-03-12|01:26:47|SE Asia Standard Time|item_search|三菱 冷蔵庫 スリムタイプ 右開き 370L パールホワイト MR-C37A W 最安値 ⇒ 77,759円  https://k-jz.com/price/4902901784910.html … #Mitsubishi #三菱電機|0|0|0|#Mitsubishi,#三菱電機
973369560630882304|2018-03-12|01:26:02|SE Asia Standard Time|VIVAcoid|Gara-gara Xpander, Diler Mitsubishi Menjamur di Pulau Jawa  http://dlvr.it/QKnF0k  #1newstainment|0|2|1|#1newstainment
973369458143117313|2018-03-12|01:25:37|SE Asia Standard Time|LucassConde3|"Agregué un video a una lista de reproducción de @YouTube  http://youtu.be/HqujRpYd3Rk?a  Mitsubishi Evo 8 + 1000HP | Nissan GTR | Top super"|0|0|0|
973368741856608256|2018-03-12|01:22:47|SE Asia Standard Time|PREMOA_STAFF|おはようございます。3/13火。週末まで先は長いですね今朝は #三菱 の軽量 #掃除機 から…値ごろなのもあり売れ筋の商品新生活に。この時期つらい #花粉対策 にも掃除機がけ大事。本日もよろくしお願いしますMITSUBISHI TC-FXG5J ミルキーブルー Be-K [紙パック式] https://www.premoa.co.jp/d.php?id=2026151085428&status=1 …|0|0|0|#三菱,#掃除機,#花粉対策
973368625313861632|2018-03-12|01:22:19|SE Asia Standard Time|Nova_Scotia_Job|Administrator/Senior Administrator, Transfer Agency: Mitsubishi UFJ Fund Services (Halifax .. #novascotia #eluta  http://dld.bz/gFW9p |0|0|0|#novascotia,#eluta
